codex/all-branches-integration-0913	44f578d2a193f090088a8e8f8a110df3bf0b15a9
codex/meadows-campaign-0916	3692fd618367e5c5c336fa80452f31c54d491f81
codex/pre-full-game-integration-0913	5eb911f38ad1ef3a5df75d19b22081f2aecd21cb
main	9cf6bde7d92796dda25dbeb4f25e5857adb0df6c
owner-run/20260915T193953Z	844e1ef7553e7f065bd469c123f4e4108ff5b9e8
owner-run/20260915T222920Z	6688933c3313415f2b0cfff51f4f9d6721490454
ralph/cloudreach-visual-production-0919	e9260ddda47169262f9235155352dd340faa47c3
ralph/combat-camera-follow-check	4d486823b9ddff950b45f58929dc48038faee6ff
ralph/combat-depth-0919	868f312d35423a5481c8424dec5c29a42b4c36d7
ralph/compact-team-rewards	e7a9efb29b0a3d5fbe4ed8f4a431a87aeaac8066
ralph/concurrent-feature-lanes	e346703154676e19553d90ab8c4ac55811184603
ralph/coop-ci-boundaries	fb0b7f304a87ab4fd45d33b6e4512405a6d573cc
ralph/dock-save-boundary	f112e7c8579630e67a174df925bd37fa364eda12
ralph/expedition-priority	cf63886257910d0bc412fe058652d822ef299d8a
ralph/export-scene-retirement	a7c0471e5cf369d27523d236b868746eb71d6fb2
ralph/feature-register	3688a3c976ca76e09b69618fbbd283ef78cfff09
ralph/first-expedition	865025cfd301fc702b65db51c18bc855c40438bd
ralph/guest-wild-authority	43d727ffa80afe379d4748cbc833c12fb84daa09
ralph/handoff-main-receipt	768b0a195c223c8f8594467dd13f4861ac658da0
ralph/herd-landmark-payoff	0e1c4c5c5e1ba42ab175a1c30f38811099993ccf
ralph/invite-coop	812a84d50892f8fc75165efa1be6725621ad0aa6
ralph/lost-companion-reunion	e8bd5fb42eaea7810199112662de25b224421a16
ralph/meadows-biome-specs	e20434ce07a6c7380a83460778462153b5d68920
ralph/meadows-coop-crossings-proof	c75ca265e636fabe747c7c7c5cbd3a0a7cad1724
ralph/meadows-coop-guardian-payoff	f34d478fbae3586032dad8f3c074ec615526629e
ralph/meadows-coop-opening	8ba39b4daa92b2c03422d59863d412bc369bafd7
ralph/meadows-coop-opening-proof	e239b1322320924858fde2d725b606e2f03afac3
ralph/meadows-coop-path	b4f763562ca295f75e711f947dbd16cbc1834a42
ralph/meadows-coop-path-witness	a674b559d6a95f00588d608a1f55c25d63725d6f
ralph/meadows-coop-trainer-exit	0365f1fc2d11affaddd9528a89216ca35a9d6daf
ralph/meadows-coop-warrens	877d38d100a3d8ac4b3c3d90561ea388adc562bb
ralph/meadows-integration-status	817e66172715fdc2b2857c850b19ca23a0665530
ralph/meadows-payoffs	906b48bcfb743c8eb6ddf9eaed82b71c470c03bc
ralph/meadows-six-activities	d31d1e83aee0c12c17974016a0ae49db6171718a
ralph/plan-rewrite	7aaa14cb43a1abb946836cf253021f9376c936ae
ralph/portable-character-identity	7f302f44ffd5e387de73c8a4a5fbb4111a775d87
ralph/regional-credits	21a0642588f44573c3dbbf6e572ad0833c8c5e47
ralph/regional-homecoming	63914dafd5f186d218f9a7919e416b014ef893d5
ralph/regional-return-guidance	43d727ffa80afe379d4748cbc833c12fb84daa09
ralph/relay-gear-handoff	7c580b641d69053474c9bab244ff4d72a59d749a
ralph/remote-creature-replacement	a1c90f434e81f0634ca4e5a4c714ab8e99b3643a
ralph/revive-first-tap	1c818ee9a7cb15a3a991ef07a91ac8bee510b233
ralph/reward-delivery	8bf86f3c30205433dcb0c2f1b3158b412e0b6334
ralph/satchel-world-scope	3ab6108a17625d16eaeaa8a7f6b153d034fa0956
ralph/session-sequence	48c134c5d1439a7fd395627e2d0956255cc916aa
ralph/shared-catch-confirmation	50d0f8cc911d604b572fde2c14aed35a27a8c725
ralph/shared-opponent-presentation	0d7a1da3c0b66a3e05e8c7cb74b9f6e735b72a02
ralph/shared-wild-authority-fixture	91b66ac77b4f1ba755bd2ed5772b14f20af1e6e1
ralph/shared-wild-lifetime	24f68769f11e9a8f72a79037e7a1cacb7738d3f2
ralph/spec-driven-delivery	5eb8146c161944859883fd9d44644bc384caeee9
ralph/stormwood-water-survey-0919	4bd015805d8315f48013fa6e9cc49b2fa7f1b060
ralph/three-bed-preparation	9722282ba077f2b8314ebd0c9932d6921744b518
ralph/tournament-three-entrants	4b17d7e2a050bae0bc07b7260ca635b99c48bfe3
ralph/visual-acceptance	8cca525d66aef55b2c20429c508356924cc79656
ralph/warrens-camera-diagnosis	d1a79eb198a845094291a5534b599985d2a55939
ralph/warrens-camera-expedition	0021ae3b667b4c1bfd99e8e5283629dbff9fccb7
ralph/warrens-camera-readability	32212400518cb5c6f0a7a4d6c2b68d9c5917b519
ralph/warrens-egress	3748edd1affc9c6092a37a56dbf8687ba88fbf84
ralph/warrens-guardian-signature	6cf8f8510074e31d710b41928f350e5449102ff6
ralph/water-crossing-gates	d313c9817c6d073ac17bb3bb6e02ef93aaf7e801
ralph/water-human-route	58f3aaaec7f8a196753e479716dd720814d72577
ralph/world-return-provenance	d4ecc0ca74670daacbe6b88a01cfe1a8b8bc40cb
tb/combat	bc07a6c6df6b05befc66963ba6b7b3833f8aee0b
tb/f18	a2dc43094a549f51a48a19ca13ef532b9121e96a
tb/f19	ef721a44bca750dfe4a76565a45a26a71aa880f6
tb/f20	e7829fba3ceec4d31a1bcb45b2e1f4d53a0b94ff
tb/f22	6bc07fac4500e3d2adb48fc2954ba61834b59a22
tb/f23	1e24ef9f5037fbd5f8b00cfb5d37dc32f169b943
tb/f24	5e0481bb5ac80b17906e7b2756251766d6678c0b
tb/f25	66b24e8aa01e9a6f51cf4b985e14fdfde9a71de7
tb/f28	a07c26cc5866d4845f8dd7c76e4807e452535173
tb/f29	6f8ee829c5bd670b411b66a676e3b3d57484733b
tb/f30	26b0a1a0e008fe65c0f20fc4ad9c10ee3e4e9227
tb/f31	517d5ff18fbe28d8a71d29fac3d6d4b4f87db2e3
tb/f32	810881e7a8ff4056eeafd5fbbf30994825fd06fd
tb/f33	ac662d34b5962a758eea8048b2af9ea1d9f93303
tb/f35	532f2842615256a844a5672a124b4ae08fe86699
tb/foundations	1738d4d738b0bdf45d867bf1302b8de5b2d8f23d
tb/gpu-runs	66365151b2e99a856f44577f92d14f11481a0ced
tb/homestead	499e8e38e6b4e6d9be37dcdabe01c447693e1276
tb/hub	bb16c60ff38dab81538537439bb610db149c209d
tb/integration	41f2979e42e7ed72f9805f412c5b151d9e237299
tb/lookdev	ade7b9258dc0e9d5642fc4e45a1c28574255f169
tb/redesign-board	5ff1f37a17f7db1ec61a49a8f8d9cf38dcd7400b
tb/reorder	567798bce2e6eeedefbbb0e46d7bdfed9149572b
tb/training	94612ec95c91aba7d64d7424359970f21a4844f2
tb/vfx	a9ef7a0328190ec11838aa8ef38663812455d38d
tb/x04-capture	abc93f316740d791a3a3122b126f1398596d449b
tb/x04-capture-compact	1bccb1aee3091dd0b7f62784fa74d785605ac7d6
tb/x04-cloudreach	1306ce7f9c6261656f331e652fc1ff52adf8b611
tb/x04-cloudreach-aviary	6e6cdd213e4fadd75a8b3094b46fec6961b09248
tb/x04-creature-attack-contact	c1a4980d4d2c094524e40bf1dba31ad07f282902
tb/x04-cross-game-visual-sweep	389e1160ab1c4c1538f086ec995a1cf95b94d8a4
tb/x04-draught-world-models	9d4261e64aa9fe3b17cbe96f492cecac2099329c
tb/x04-first-shore-current-gate	1068acd8e5884ddf65fee698b78527c1a02b6885
tb/x04-first-shore-portals	d3b8fc758a7f8f879029e110326a6ede6eb63f48
tb/x04-meadowhart-anatomy	0025acafebb104f438c59f781bc14735811a3cac
tb/x04-meadows	d1ca575208e39961dbc7ba806c42ba30710b40f0
tb/x04-meadows-landing	3a89e610ecabb54f17ec242e95ff9e954823a0b7
tb/x04-phase2d	8cbfb07a1fe6752789178156401a580e787d6361
tb/x04-phase2d-status	1d69f6453b07c7075de09236c5be9cb5ce12b266
tb/x04-stormwood	1ea1efc119b3be2f81cd4911fd9c9e02a2903ac2
tb/x04-terrain-material	d7eb3db411e9b81cafa6737edf68b6afb83bd975
tb/x04-tidewake	7497f32931b2ba5cab3c8a808ab37ba2c3319418
tb/x04-veilfall-waterfalls	4b06a01c3b732b62b9a43a46497ed528017cf693
origin	30fcc38fc591d5df3a7cfb122b9da58445467021
origin/main	30fcc38fc591d5df3a7cfb122b9da58445467021
origin/tb/combat	bc07a6c6df6b05befc66963ba6b7b3833f8aee0b
origin/tb/f18	a2dc43094a549f51a48a19ca13ef532b9121e96a
origin/tb/f19	f09e16cdb33d6da8ba564a9e964ff6eb6d4aa5f9
origin/tb/f20	e7829fba3ceec4d31a1bcb45b2e1f4d53a0b94ff
origin/tb/f22	f7c775464db47bfdfd46fbf58c09c6266839dd6a
origin/tb/f23	1e24ef9f5037fbd5f8b00cfb5d37dc32f169b943
origin/tb/f24	5e0481bb5ac80b17906e7b2756251766d6678c0b
origin/tb/f25	66b24e8aa01e9a6f51cf4b985e14fdfde9a71de7
origin/tb/f28	a07c26cc5866d4845f8dd7c76e4807e452535173
origin/tb/f29	0c1b7151f1772ede073e9e21604be2a785550c3b
origin/tb/f30	26b0a1a0e008fe65c0f20fc4ad9c10ee3e4e9227
origin/tb/f31	517d5ff18fbe28d8a71d29fac3d6d4b4f87db2e3
origin/tb/f32	810881e7a8ff4056eeafd5fbbf30994825fd06fd
origin/tb/f33	ac662d34b5962a758eea8048b2af9ea1d9f93303
origin/tb/f35	532f2842615256a844a5672a124b4ae08fe86699
origin/tb/foundations	1738d4d738b0bdf45d867bf1302b8de5b2d8f23d
origin/tb/homestead	499e8e38e6b4e6d9be37dcdabe01c447693e1276
origin/tb/hub	c21be258900a2de22ac4eef61cf71f9b55c6e426
origin/tb/integration	1fdf209383252556a67fc32a55ae954ddcf1a5a4
origin/tb/lookdev	ade7b9258dc0e9d5642fc4e45a1c28574255f169
origin/tb/redesign-board	5ff1f37a17f7db1ec61a49a8f8d9cf38dcd7400b
origin/tb/reorder	567798bce2e6eeedefbbb0e46d7bdfed9149572b
origin/tb/training	94612ec95c91aba7d64d7424359970f21a4844f2
origin/tb/vfx	a9ef7a0328190ec11838aa8ef38663812455d38d
