t,wall,x,y,z,heading,region,clock_hour,weather,frame_ms,physics_ms,dead_travel_m,nearest_poi_dist_m,input_context
0.75,2026-08-30 11:49:18,0.00,0.00,0.00,0.0,grandpas_village,0.00,,0.356,6.800,0.00,,title
0.90,2026-08-30 11:49:18,0.00,0.00,0.00,0.0,grandpas_village,0.00,,0.356,6.800,0.00,,title
1.48,2026-08-30 11:56:44,-25.40,4.93,-15.60,0.0,grandpas_village,8.02,clear,23.155,18.701,0.00,,locked
1.98,2026-08-30 11:56:44,-25.40,4.93,-15.60,0.0,grandpas_village,8.04,clear,21.628,3.019,0.00,,locked
2.48,2026-08-30 11:56:45,-25.40,4.93,-15.60,0.0,grandpas_village,8.06,clear,21.628,3.019,0.00,,locked
2.98,2026-08-30 11:56:45,-25.40,4.93,-15.60,0.0,grandpas_village,8.08,clear,21.050,3.163,0.00,,locked
3.48,2026-08-30 11:56:46,-25.40,4.93,-15.60,0.0,grandpas_village,8.10,clear,21.050,3.163,0.00,,world
3.98,2026-08-30 11:56:46,-25.40,4.93,-15.60,0.0,grandpas_village,8.12,clear,20.516,3.266,0.00,,world
4.48,2026-08-30 11:56:47,-25.40,4.93,-15.60,0.0,grandpas_village,8.14,clear,20.516,3.266,0.00,,world
4.98,2026-08-30 11:56:47,-25.40,4.93,-15.60,0.0,grandpas_village,8.16,clear,21.009,5.272,0.00,,world
5.48,2026-08-30 11:56:48,-25.40,4.93,-15.60,0.0,grandpas_village,8.18,clear,21.009,5.272,0.00,,world
5.98,2026-08-30 11:56:48,-25.40,4.93,-15.60,0.0,grandpas_village,8.20,clear,20.478,4.016,0.00,,world
6.48,2026-08-30 11:56:49,-25.40,4.93,-15.60,0.0,grandpas_village,8.22,clear,20.478,4.016,0.00,,world
6.98,2026-08-30 11:56:49,-25.40,4.93,-15.60,0.0,grandpas_village,8.24,clear,20.072,3.789,0.00,,world
7.48,2026-08-30 11:56:50,-25.40,4.93,-15.60,0.0,grandpas_village,8.26,clear,20.072,3.789,0.00,,world
7.98,2026-08-30 11:56:50,-25.40,4.93,-15.60,0.0,grandpas_village,8.28,clear,20.928,3.747,0.00,,world
8.50,2026-08-30 11:56:51,-25.40,4.93,-15.60,0.0,grandpas_village,8.30,clear,20.928,3.747,0.00,,world
9.00,2026-08-30 11:56:51,-25.40,4.93,-15.60,0.0,grandpas_village,8.32,clear,33.294,6.053,0.00,,world
9.50,2026-08-30 11:56:52,-25.40,4.93,-15.60,0.0,grandpas_village,8.34,clear,33.294,6.053,0.00,,world
10.00,2026-08-30 11:56:52,-25.40,4.93,-15.60,0.0,grandpas_village,8.36,clear,20.939,3.642,0.00,,world
10.50,2026-08-30 11:56:53,-25.40,4.93,-15.60,0.0,grandpas_village,8.38,clear,20.939,3.642,0.00,,world
11.00,2026-08-30 11:56:53,-25.40,4.93,-15.60,0.0,grandpas_village,8.40,clear,20.518,3.352,0.00,,world
11.50,2026-08-30 11:56:54,-25.40,4.93,-15.60,0.0,grandpas_village,8.42,clear,20.518,3.352,0.00,,world
12.00,2026-08-30 11:56:54,-25.40,4.93,-15.60,0.0,grandpas_village,8.44,clear,21.132,3.580,0.00,,world
12.50,2026-08-30 11:56:55,-25.40,4.93,-15.60,0.0,grandpas_village,8.46,clear,21.132,3.580,0.00,,world
13.00,2026-08-30 11:56:55,-25.40,4.93,-15.60,0.0,grandpas_village,8.48,clear,23.220,4.649,0.00,,world
13.50,2026-08-30 11:56:56,-25.40,4.93,-15.60,0.0,grandpas_village,8.50,clear,23.220,4.649,0.00,,world
14.00,2026-08-30 11:56:56,-25.40,4.93,-15.60,0.0,grandpas_village,8.52,clear,21.361,3.887,0.00,,world
14.50,2026-08-30 11:56:57,-25.40,4.93,-15.60,0.0,grandpas_village,8.54,clear,21.361,3.887,0.00,,world
15.00,2026-08-30 11:56:57,-25.40,4.93,-15.60,0.0,grandpas_village,8.56,clear,26.135,12.130,0.00,,world
15.50,2026-08-30 11:56:58,-25.40,4.93,-15.60,0.0,grandpas_village,8.58,clear,26.135,12.130,0.00,,world
16.00,2026-08-30 11:56:58,-25.40,4.93,-15.60,0.0,grandpas_village,8.60,clear,29.932,5.358,0.00,,world
16.50,2026-08-30 11:56:59,-25.40,4.93,-15.60,0.0,grandpas_village,8.62,clear,29.932,5.358,0.00,,world
17.00,2026-08-30 11:56:59,-25.40,4.93,-15.60,0.0,grandpas_village,8.64,clear,21.606,4.039,0.00,,world
17.50,2026-08-30 11:57:00,-25.40,4.93,-15.60,0.0,grandpas_village,8.66,clear,21.606,4.039,0.00,,world
18.00,2026-08-30 11:57:00,-25.40,4.93,-15.60,0.0,grandpas_village,8.68,clear,21.026,3.723,0.00,,world
18.50,2026-08-30 11:57:01,-25.40,4.93,-15.60,0.0,grandpas_village,8.70,clear,21.026,3.723,0.00,,world
19.00,2026-08-30 11:57:01,-25.40,4.93,-15.60,0.0,grandpas_village,8.72,clear,24.137,4.754,0.00,,world
19.50,2026-08-30 11:57:02,-25.40,4.93,-15.60,0.0,grandpas_village,8.74,clear,24.137,4.754,0.00,,world
20.00,2026-08-30 11:57:02,-25.40,4.93,-15.60,0.0,grandpas_village,8.76,clear,23.823,4.247,0.00,,world
20.50,2026-08-30 11:57:03,-25.40,4.93,-15.60,0.0,grandpas_village,8.78,clear,23.823,4.247,0.00,,world
21.00,2026-08-30 11:57:03,-25.40,4.93,-15.60,0.0,grandpas_village,8.80,clear,22.036,3.232,0.00,,world
21.50,2026-08-30 11:57:04,-25.40,4.93,-15.60,0.0,grandpas_village,8.82,clear,22.036,3.232,0.00,,world
22.00,2026-08-30 11:57:04,-25.40,4.93,-15.60,0.0,grandpas_village,8.84,clear,24.823,4.405,0.00,,world
22.50,2026-08-30 11:57:05,-25.40,4.93,-15.60,0.0,grandpas_village,8.86,clear,24.823,4.405,0.00,,world
23.00,2026-08-30 11:57:05,-25.40,4.93,-15.60,0.0,grandpas_village,8.88,clear,34.024,5.884,0.00,,world
23.50,2026-08-30 11:57:06,-25.40,4.93,-15.60,0.0,grandpas_village,8.90,clear,34.024,5.884,0.00,,world
24.00,2026-08-30 11:57:06,-25.40,4.93,-15.60,0.0,grandpas_village,8.92,clear,21.122,3.411,0.00,,world
24.50,2026-08-30 11:57:07,-25.40,4.93,-15.60,0.0,grandpas_village,8.94,clear,21.122,3.411,0.00,,world
25.00,2026-08-30 11:57:07,-25.40,4.93,-15.60,0.0,grandpas_village,8.96,clear,23.241,4.237,0.00,,world
25.50,2026-08-30 11:57:08,-25.40,4.93,-15.60,0.0,grandpas_village,8.98,clear,23.241,4.237,0.00,,world
26.00,2026-08-30 11:57:08,-25.40,4.93,-15.60,0.0,grandpas_village,9.00,clear,21.127,3.389,0.00,,world
26.50,2026-08-30 11:57:09,-25.40,4.93,-15.60,0.0,grandpas_village,9.02,clear,21.127,3.389,0.00,,world
27.00,2026-08-30 11:57:09,-25.40,4.93,-15.60,0.0,grandpas_village,9.04,clear,21.898,4.024,0.00,,world
27.50,2026-08-30 11:57:10,-25.40,4.93,-15.60,0.0,grandpas_village,9.06,clear,21.898,4.024,0.00,,world
28.00,2026-08-30 11:57:10,-25.40,4.93,-15.60,0.0,grandpas_village,9.08,clear,20.751,3.565,0.00,,world
28.50,2026-08-30 11:57:11,-25.40,4.93,-15.60,0.0,grandpas_village,9.10,clear,20.751,3.565,0.00,,world
29.00,2026-08-30 11:57:11,-25.40,4.93,-15.60,0.0,grandpas_village,9.12,clear,26.750,4.760,0.00,,world
29.50,2026-08-30 11:57:12,-25.40,4.93,-15.60,0.0,grandpas_village,9.14,clear,26.750,4.760,0.00,,world
30.00,2026-08-30 11:57:12,-25.40,4.93,-15.60,0.0,grandpas_village,9.16,clear,25.270,3.764,0.00,,world
30.50,2026-08-30 11:57:13,-25.40,4.93,-15.60,0.0,grandpas_village,9.18,clear,25.270,3.764,0.00,,world
31.00,2026-08-30 11:57:13,-25.40,4.93,-15.60,0.0,grandpas_village,9.20,clear,25.637,3.883,0.00,,world
31.50,2026-08-30 11:57:14,-25.40,4.93,-15.60,0.0,grandpas_village,9.22,clear,25.637,3.883,0.00,,world
32.00,2026-08-30 11:57:14,-25.40,4.93,-15.60,0.0,grandpas_village,9.24,clear,20.146,3.351,0.00,,world
32.50,2026-08-30 11:57:15,-25.40,4.93,-15.60,0.0,grandpas_village,9.26,clear,20.146,3.351,0.00,,world
33.00,2026-08-30 11:57:15,-25.40,4.93,-15.60,0.0,grandpas_village,9.28,clear,19.755,4.010,0.00,,world
33.50,2026-08-30 11:57:16,-25.40,4.93,-15.60,0.0,grandpas_village,9.30,clear,19.755,4.010,0.00,,world
34.00,2026-08-30 11:57:16,-25.40,4.93,-15.60,0.0,grandpas_village,9.32,clear,20.362,3.246,0.00,,world
34.50,2026-08-30 11:57:17,-25.40,4.93,-15.60,0.0,grandpas_village,9.34,clear,20.362,3.246,0.00,,world
35.00,2026-08-30 11:57:17,-25.40,4.93,-15.60,0.0,grandpas_village,9.36,clear,21.033,3.157,0.00,,world
35.50,2026-08-30 11:57:18,-25.40,4.93,-15.60,0.0,grandpas_village,9.38,clear,21.033,3.157,0.00,,world
36.00,2026-08-30 11:57:18,-25.40,4.93,-15.60,0.0,grandpas_village,9.40,clear,22.118,4.045,0.00,,world
36.50,2026-08-30 11:57:19,-25.40,4.93,-15.60,0.0,grandpas_village,9.42,clear,22.118,4.045,0.00,,world
37.00,2026-08-30 11:57:19,-25.40,4.93,-15.60,0.0,grandpas_village,9.44,clear,24.996,3.257,0.00,,world
37.50,2026-08-30 11:57:20,-25.40,4.93,-15.60,0.0,grandpas_village,9.46,clear,24.996,3.257,0.00,,world
38.00,2026-08-30 11:57:20,-25.40,4.93,-15.60,0.0,grandpas_village,9.48,clear,20.762,3.762,0.00,,world
38.50,2026-08-30 11:57:21,-25.40,4.93,-15.60,0.0,grandpas_village,9.50,clear,20.762,3.762,0.00,,world
39.00,2026-08-30 11:57:21,-25.40,4.93,-15.60,0.0,grandpas_village,9.52,clear,20.959,3.406,0.00,,world
39.50,2026-08-30 11:57:22,-25.40,4.93,-15.60,0.0,grandpas_village,9.54,clear,20.959,3.406,0.00,,world
40.00,2026-08-30 11:57:22,-25.40,4.93,-15.60,0.0,grandpas_village,9.56,clear,24.060,3.732,0.00,,world
40.50,2026-08-30 11:57:23,-25.40,4.93,-15.60,0.0,grandpas_village,9.58,clear,24.060,3.732,0.00,,world
41.00,2026-08-30 11:57:23,-25.40,4.93,-15.60,0.0,grandpas_village,9.60,clear,22.723,3.291,0.00,,world
41.50,2026-08-30 11:57:24,-25.40,4.93,-15.60,0.0,grandpas_village,9.62,clear,22.723,3.291,0.00,,world
42.00,2026-08-30 11:57:24,-25.40,4.93,-15.60,0.0,grandpas_village,9.64,clear,24.288,4.448,0.00,,world
42.50,2026-08-30 11:57:25,-25.40,4.93,-15.60,0.0,grandpas_village,9.66,clear,24.288,4.448,0.00,,world
43.00,2026-08-30 11:57:25,-25.40,4.93,-15.60,0.0,grandpas_village,9.68,clear,21.771,3.516,0.00,,world
43.50,2026-08-30 11:57:26,-25.40,4.93,-15.60,0.0,grandpas_village,9.70,clear,21.771,3.516,0.00,,world
44.00,2026-08-30 11:57:26,-25.40,4.93,-15.60,0.0,grandpas_village,9.72,clear,21.598,3.559,0.00,,world
44.50,2026-08-30 11:57:27,-25.40,4.93,-15.60,0.0,grandpas_village,9.74,clear,21.598,3.559,0.00,,world
45.00,2026-08-30 11:57:27,-25.40,4.93,-15.60,0.0,grandpas_village,9.76,clear,21.785,3.401,0.00,,world
45.50,2026-08-30 11:57:28,-25.40,4.93,-15.60,0.0,grandpas_village,9.78,clear,21.785,3.401,0.00,,world
46.00,2026-08-30 11:57:28,-25.40,4.93,-15.60,0.0,grandpas_village,9.80,clear,21.461,3.370,0.00,,world
46.50,2026-08-30 11:57:29,-25.40,4.93,-15.60,0.0,grandpas_village,9.82,clear,21.461,3.370,0.00,,world
47.00,2026-08-30 11:57:29,-25.40,4.93,-15.60,0.0,grandpas_village,9.84,clear,22.047,27.320,0.00,,world
47.50,2026-08-30 11:57:30,-25.40,4.93,-15.60,0.0,grandpas_village,9.86,clear,22.047,27.320,0.00,,world
48.00,2026-08-30 11:57:30,-25.40,4.93,-15.60,0.0,grandpas_village,9.88,clear,22.158,4.502,0.00,,world
48.50,2026-08-30 11:57:31,-25.40,4.93,-15.60,0.0,grandpas_village,9.90,clear,22.158,4.502,0.00,,world
49.00,2026-08-30 11:57:31,-25.40,4.93,-15.60,0.0,grandpas_village,9.92,clear,24.031,5.777,0.00,,world
49.50,2026-08-30 11:57:32,-25.40,4.93,-15.60,0.0,grandpas_village,9.94,clear,24.031,5.777,0.00,,world
50.00,2026-08-30 11:57:32,-25.40,4.93,-15.60,0.0,grandpas_village,9.96,clear,22.672,3.489,0.00,,world
50.50,2026-08-30 11:57:33,-25.40,4.93,-15.60,0.0,grandpas_village,9.98,clear,22.672,3.489,0.00,,world
51.00,2026-08-30 11:57:33,-25.40,4.93,-15.60,0.0,grandpas_village,10.00,clear,21.698,4.010,0.00,,world
51.50,2026-08-30 11:57:34,-25.40,4.93,-15.60,0.0,grandpas_village,10.02,clear,21.698,4.010,0.00,,world
52.00,2026-08-30 11:57:34,-25.40,4.93,-15.60,0.0,grandpas_village,10.04,clear,26.547,4.959,0.00,,world
52.50,2026-08-30 11:57:35,-25.40,4.93,-15.60,0.0,grandpas_village,10.06,clear,26.547,4.959,0.00,,world
53.00,2026-08-30 11:57:35,-25.40,4.93,-15.60,0.0,grandpas_village,10.08,clear,21.811,3.859,0.00,,world
53.50,2026-08-30 11:57:36,-25.40,4.93,-15.60,0.0,grandpas_village,10.10,clear,21.811,3.859,0.00,,world
54.00,2026-08-30 11:57:36,-25.40,4.93,-15.60,0.0,grandpas_village,10.12,clear,21.785,3.700,0.00,,world
54.50,2026-08-30 11:57:37,-25.40,4.93,-15.60,0.0,grandpas_village,10.14,clear,21.785,3.700,0.00,,world
55.00,2026-08-30 11:57:37,-25.40,4.93,-15.60,0.0,grandpas_village,10.16,clear,22.413,3.879,0.00,,world
55.50,2026-08-30 11:57:38,-25.40,4.93,-15.60,0.0,grandpas_village,10.18,clear,22.413,3.879,0.00,,world
56.00,2026-08-30 11:57:38,-25.40,4.93,-15.60,0.0,grandpas_village,10.20,clear,23.922,4.870,0.00,,world
56.50,2026-08-30 11:57:39,-25.40,4.93,-15.60,0.0,grandpas_village,10.22,clear,23.922,4.870,0.00,,world
57.00,2026-08-30 11:57:39,-25.40,4.93,-15.60,0.0,grandpas_village,10.24,clear,20.891,4.008,0.00,,world
57.50,2026-08-30 11:57:40,-25.40,4.93,-15.60,0.0,grandpas_village,10.26,clear,20.891,4.008,0.00,,world
58.00,2026-08-30 11:57:40,-25.40,4.93,-15.60,0.0,grandpas_village,10.28,clear,19.511,3.306,0.00,,world
58.50,2026-08-30 11:57:41,-25.40,4.93,-15.60,0.0,grandpas_village,10.30,clear,19.511,3.306,0.00,,world
59.00,2026-08-30 11:57:41,-25.40,4.93,-15.60,0.0,grandpas_village,10.32,clear,25.529,3.957,0.00,,world
59.50,2026-08-30 11:57:42,-25.40,4.93,-15.60,0.0,grandpas_village,10.34,clear,25.529,3.957,0.00,,world
60.00,2026-08-30 11:57:42,-25.40,4.93,-15.60,0.0,grandpas_village,10.36,clear,19.978,3.210,0.00,,world
60.50,2026-08-30 11:57:43,-25.40,4.93,-15.60,0.0,grandpas_village,10.38,clear,19.978,3.210,0.00,,world
61.00,2026-08-30 11:57:43,-25.40,4.93,-15.60,0.0,grandpas_village,10.40,clear,21.104,3.891,0.00,,world
61.50,2026-08-30 11:57:44,-25.40,4.93,-15.60,0.0,grandpas_village,10.42,clear,21.104,3.891,0.00,,world
62.00,2026-08-30 11:57:44,-25.40,4.93,-15.60,0.0,grandpas_village,10.44,clear,34.461,3.217,0.00,,world
62.50,2026-08-30 11:57:45,-25.40,4.93,-15.60,0.0,grandpas_village,10.46,clear,34.461,3.217,0.00,,world
63.00,2026-08-30 11:57:45,-25.40,4.93,-15.60,0.0,grandpas_village,10.48,clear,20.339,3.993,0.00,,world
63.50,2026-08-30 11:57:46,-25.40,4.93,-15.60,0.0,grandpas_village,10.50,clear,20.339,3.993,0.00,,world
64.00,2026-08-30 11:57:46,-25.40,4.93,-15.60,0.0,grandpas_village,10.52,clear,20.236,3.515,0.00,,world
64.50,2026-08-30 11:57:47,-25.40,4.93,-15.60,0.0,grandpas_village,10.54,clear,20.236,3.515,0.00,,world
65.00,2026-08-30 11:57:47,-25.40,4.93,-15.60,0.0,grandpas_village,10.56,clear,20.692,4.271,0.00,,world
65.50,2026-08-30 11:57:48,-25.40,4.93,-15.60,0.0,grandpas_village,10.58,clear,20.692,4.271,0.00,,world
66.00,2026-08-30 11:57:48,-25.40,4.93,-15.60,0.0,grandpas_village,10.60,clear,19.886,4.042,0.00,,world
66.50,2026-08-30 11:57:49,-25.40,4.93,-15.60,0.0,grandpas_village,10.62,clear,19.886,4.042,0.00,,world
67.00,2026-08-30 11:57:49,-25.40,4.93,-15.60,0.0,grandpas_village,10.64,clear,23.763,4.474,0.00,,world
67.50,2026-08-30 11:57:50,-25.40,4.93,-15.60,0.0,grandpas_village,10.66,clear,23.763,4.474,0.00,,world
68.00,2026-08-30 11:57:50,-25.40,4.93,-15.60,0.0,grandpas_village,10.68,clear,22.312,4.339,0.00,,world
68.50,2026-08-30 11:57:51,-25.40,4.93,-15.60,0.0,grandpas_village,10.70,clear,22.312,4.339,0.00,,world
69.00,2026-08-30 11:57:51,-25.40,4.93,-15.60,0.0,grandpas_village,10.72,clear,22.228,9.096,0.00,,world
69.50,2026-08-30 11:57:52,-25.40,4.93,-15.60,0.0,grandpas_village,10.74,clear,22.228,9.096,0.00,,world
70.00,2026-08-30 11:57:52,-25.40,4.93,-15.60,0.0,grandpas_village,10.76,clear,21.759,3.601,0.00,,world
70.50,2026-08-30 11:57:53,-25.40,4.93,-15.60,0.0,grandpas_village,10.78,clear,21.759,3.601,0.00,,world
71.00,2026-08-30 11:57:53,-25.40,4.93,-15.60,0.0,grandpas_village,10.80,clear,20.503,4.694,0.00,,world
71.50,2026-08-30 11:57:54,-25.40,4.93,-15.60,0.0,grandpas_village,10.82,clear,20.503,4.694,0.00,,world
72.00,2026-08-30 11:57:54,-25.40,4.93,-15.60,0.0,grandpas_village,10.84,clear,21.916,4.305,0.00,,world
72.50,2026-08-30 11:57:55,-25.40,4.93,-15.60,0.0,grandpas_village,10.86,clear,21.916,4.305,0.00,,world
73.00,2026-08-30 11:57:55,-25.40,4.93,-15.60,0.0,grandpas_village,10.88,clear,20.443,3.382,0.00,,world
73.50,2026-08-30 11:57:56,-25.40,4.93,-15.60,0.0,grandpas_village,10.90,clear,20.443,3.382,0.00,,world
74.00,2026-08-30 11:57:56,-25.40,4.93,-15.60,0.0,grandpas_village,10.92,clear,21.102,3.824,0.00,,world
74.50,2026-08-30 11:57:57,-25.40,4.93,-15.60,0.0,grandpas_village,10.94,clear,21.102,3.824,0.00,,world
75.00,2026-08-30 11:57:57,-25.40,4.93,-15.60,0.0,grandpas_village,10.96,clear,21.905,4.309,0.00,,world
75.50,2026-08-30 11:57:58,-25.40,4.93,-15.60,0.0,grandpas_village,10.98,clear,21.905,4.309,0.00,,world
76.00,2026-08-30 11:57:58,-25.40,4.93,-15.60,0.0,grandpas_village,11.00,clear,22.616,4.158,0.00,,world
76.50,2026-08-30 11:57:59,-25.40,4.93,-15.60,0.0,grandpas_village,11.02,clear,22.616,4.158,0.00,,world
77.00,2026-08-30 11:57:59,-25.40,4.93,-15.60,0.0,grandpas_village,11.04,clear,19.151,3.525,0.00,,world
77.50,2026-08-30 11:58:00,-25.40,4.93,-15.60,0.0,grandpas_village,11.06,clear,19.151,3.525,0.00,,world
78.00,2026-08-30 11:58:00,-25.40,4.93,-15.60,0.0,grandpas_village,11.08,clear,19.974,3.671,0.00,,world
78.50,2026-08-30 11:58:01,-25.40,4.93,-15.60,0.0,grandpas_village,11.10,clear,19.974,3.671,0.00,,world
79.00,2026-08-30 11:58:01,-25.40,4.93,-15.60,0.0,grandpas_village,11.12,clear,20.808,3.577,0.00,,world
79.50,2026-08-30 11:58:02,-25.40,4.93,-15.60,0.0,grandpas_village,11.14,clear,20.808,3.577,0.00,,world
80.00,2026-08-30 11:58:02,-25.40,4.93,-15.60,0.0,grandpas_village,11.16,clear,19.905,3.352,0.00,,world
80.50,2026-08-30 11:58:03,-25.40,4.93,-15.60,0.0,grandpas_village,11.18,clear,19.905,3.352,0.00,,world
81.00,2026-08-30 11:58:03,-25.40,4.93,-15.60,0.0,grandpas_village,11.20,clear,20.424,3.280,0.00,,world
81.50,2026-08-30 11:58:04,-25.40,4.93,-15.60,0.0,grandpas_village,11.22,clear,20.424,3.280,0.00,,world
82.00,2026-08-30 11:58:04,-25.40,4.93,-15.60,0.0,grandpas_village,11.24,clear,20.317,4.441,0.00,,world
82.50,2026-08-30 11:58:05,-25.40,4.93,-15.60,0.0,grandpas_village,11.26,clear,20.317,4.441,0.00,,world
83.00,2026-08-30 11:58:05,-25.40,4.93,-15.60,0.0,grandpas_village,11.28,clear,18.907,3.190,0.00,,world
83.50,2026-08-30 11:58:06,-25.40,4.93,-15.60,0.0,grandpas_village,11.30,clear,18.907,3.190,0.00,,world
84.00,2026-08-30 11:58:06,-25.40,4.93,-15.60,0.0,grandpas_village,11.32,clear,19.366,4.519,0.00,,world
84.50,2026-08-30 11:58:07,-25.40,4.93,-15.60,0.0,grandpas_village,11.34,clear,19.366,4.519,0.00,,world
85.00,2026-08-30 11:58:07,-25.40,4.93,-15.60,0.0,grandpas_village,11.36,clear,20.266,3.506,0.00,,world
85.50,2026-08-30 11:58:08,-25.40,4.93,-15.60,0.0,grandpas_village,11.38,clear,20.266,3.506,0.00,,world
86.00,2026-08-30 11:58:08,-25.40,4.93,-15.60,0.0,grandpas_village,11.40,clear,19.446,3.307,0.00,,world
86.50,2026-08-30 11:58:09,-25.40,4.93,-15.60,0.0,grandpas_village,11.42,clear,19.446,3.307,0.00,,world
87.00,2026-08-30 11:58:09,-25.40,4.93,-15.60,0.0,grandpas_village,11.44,clear,20.233,3.422,0.00,,world
87.50,2026-08-30 11:58:10,-25.40,4.93,-15.60,0.0,grandpas_village,11.46,clear,20.233,3.422,0.00,,world
88.00,2026-08-30 11:58:10,-25.40,4.93,-15.60,0.0,grandpas_village,11.48,clear,20.332,3.341,0.00,,world
88.50,2026-08-30 11:58:11,-25.40,4.93,-15.60,0.0,grandpas_village,11.50,clear,20.332,3.341,0.00,,world
89.00,2026-08-30 11:58:11,-25.40,4.93,-15.60,0.0,grandpas_village,11.52,clear,20.679,4.075,0.00,,world
89.50,2026-08-30 11:58:12,-25.40,4.93,-15.60,0.0,grandpas_village,11.54,clear,20.679,4.075,0.00,,world
90.00,2026-08-30 11:58:12,-25.40,4.93,-15.60,0.0,grandpas_village,11.56,clear,22.335,4.563,0.00,,world
90.50,2026-08-30 11:58:13,-25.40,4.93,-15.60,0.0,grandpas_village,11.58,clear,22.335,4.563,0.00,,world
91.00,2026-08-30 11:58:13,-25.40,4.93,-15.60,0.0,grandpas_village,11.60,clear,21.904,22.570,0.00,,world
91.50,2026-08-30 11:58:14,-25.40,4.93,-15.60,0.0,grandpas_village,11.62,clear,21.904,22.570,0.00,,world
92.00,2026-08-30 11:58:14,-25.40,4.93,-15.60,0.0,grandpas_village,11.64,clear,20.452,3.587,0.00,,world
92.50,2026-08-30 11:58:15,-25.40,4.93,-15.60,0.0,grandpas_village,11.66,clear,20.452,3.587,0.00,,world
93.00,2026-08-30 11:58:15,-25.40,4.93,-15.60,0.0,grandpas_village,11.68,clear,21.704,4.049,0.00,,world
93.50,2026-08-30 11:58:16,-25.40,4.93,-15.60,0.0,grandpas_village,11.70,clear,21.704,4.049,0.00,,world
94.00,2026-08-30 11:58:16,-25.40,4.93,-15.60,0.0,grandpas_village,11.72,clear,21.102,4.178,0.00,,world
94.50,2026-08-30 11:58:17,-25.40,4.93,-15.60,0.0,grandpas_village,11.74,clear,21.102,4.178,0.00,,world
95.00,2026-08-30 11:58:17,-25.40,4.93,-15.60,0.0,grandpas_village,11.76,clear,27.268,4.087,0.00,,world
95.50,2026-08-30 11:58:18,-25.40,4.93,-15.60,0.0,grandpas_village,11.78,clear,27.268,4.087,0.00,,world
96.00,2026-08-30 11:58:18,-25.40,4.93,-15.60,0.0,grandpas_village,11.80,clear,22.316,4.372,0.00,,world
96.50,2026-08-30 11:58:19,-25.40,4.93,-15.60,0.0,grandpas_village,11.82,clear,22.316,4.372,0.00,,world
97.00,2026-08-30 11:58:19,-25.40,4.93,-15.60,0.0,grandpas_village,11.84,clear,23.275,4.271,0.00,,world
97.50,2026-08-30 11:58:20,-25.40,4.93,-15.60,0.0,grandpas_village,11.86,clear,23.275,4.271,0.00,,world
98.00,2026-08-30 11:58:20,-25.40,4.93,-15.60,0.0,grandpas_village,11.88,clear,21.830,4.923,0.00,,world
98.50,2026-08-30 11:58:21,-25.40,4.93,-15.60,0.0,grandpas_village,11.90,clear,21.830,4.923,0.00,,world
99.00,2026-08-30 11:58:21,-25.40,4.93,-15.60,0.0,grandpas_village,11.92,clear,30.254,5.479,0.00,,world
99.50,2026-08-30 11:58:22,-25.40,4.93,-15.60,0.0,grandpas_village,11.94,clear,30.254,5.479,0.00,,world
100.00,2026-08-30 11:58:22,-25.40,4.93,-15.60,0.0,grandpas_village,11.96,clear,21.169,3.514,0.00,,world
100.50,2026-08-30 11:58:23,-25.40,4.93,-15.60,0.0,grandpas_village,11.98,clear,21.169,3.514,0.00,,world
101.00,2026-08-30 11:58:23,-25.40,4.93,-15.60,0.0,grandpas_village,12.00,clear,20.859,3.889,0.00,,world
101.50,2026-08-30 11:58:24,-25.40,4.93,-15.60,0.0,grandpas_village,12.02,clear,20.859,3.889,0.00,,world
102.00,2026-08-30 11:58:24,-25.40,4.93,-15.60,0.0,grandpas_village,12.04,clear,21.045,3.945,0.00,,world
102.50,2026-08-30 11:58:25,-25.40,4.93,-15.60,0.0,grandpas_village,12.06,clear,21.045,3.945,0.00,,world
103.00,2026-08-30 11:58:25,-25.40,4.93,-15.60,0.0,grandpas_village,12.08,clear,22.144,4.237,0.00,,world
103.50,2026-08-30 11:58:26,-25.40,4.93,-15.60,0.0,grandpas_village,12.10,clear,22.144,4.237,0.00,,world
104.00,2026-08-30 11:58:26,-25.40,4.93,-15.60,0.0,grandpas_village,12.12,clear,24.015,5.033,0.00,,world
104.50,2026-08-30 11:58:27,-25.40,4.93,-15.60,0.0,grandpas_village,12.14,clear,24.015,5.033,0.00,,world
105.00,2026-08-30 11:58:27,-25.40,4.93,-15.60,0.0,grandpas_village,12.16,clear,21.776,3.915,0.00,,world
105.50,2026-08-30 11:58:28,-25.40,4.93,-15.60,0.0,grandpas_village,12.18,clear,21.776,3.915,0.00,,world
106.00,2026-08-30 11:58:28,-25.40,4.93,-15.60,0.0,grandpas_village,12.20,clear,22.477,3.591,0.00,,world
106.50,2026-08-30 11:58:29,-25.40,4.93,-15.60,0.0,grandpas_village,12.22,clear,22.477,3.591,0.00,,world
107.00,2026-08-30 11:58:29,-25.40,4.93,-15.60,0.0,grandpas_village,12.24,clear,28.084,5.337,0.00,,world
107.50,2026-08-30 11:58:30,-25.40,4.93,-15.60,0.0,grandpas_village,12.26,clear,28.084,5.337,0.00,,world
108.00,2026-08-30 11:58:30,-25.40,4.93,-15.60,0.0,grandpas_village,12.28,clear,22.719,5.194,0.00,,world
108.50,2026-08-30 11:58:31,-25.40,4.93,-15.60,0.0,grandpas_village,12.30,clear,22.719,5.194,0.00,,world
109.00,2026-08-30 11:58:31,-25.40,4.93,-15.60,0.0,grandpas_village,12.32,clear,20.309,3.435,0.00,,world
109.50,2026-08-30 11:58:32,-25.40,4.93,-15.60,0.0,grandpas_village,12.34,clear,20.309,3.435,0.00,,world
110.00,2026-08-30 11:58:32,-25.40,4.93,-15.60,0.0,grandpas_village,12.36,clear,20.348,4.035,0.00,,world
110.50,2026-08-30 11:58:33,-25.40,4.93,-15.60,0.0,grandpas_village,12.38,clear,20.348,4.035,0.00,,world
111.00,2026-08-30 11:58:33,-25.40,4.93,-15.60,0.0,grandpas_village,12.40,clear,20.475,3.731,0.00,,world
111.50,2026-08-30 11:58:34,-25.40,4.93,-15.60,0.0,grandpas_village,12.42,clear,20.475,3.731,0.00,,world
112.00,2026-08-30 11:58:34,-25.40,4.93,-15.60,0.0,grandpas_village,12.44,clear,21.099,4.139,0.00,,world
112.50,2026-08-30 11:58:35,-25.40,4.93,-15.60,0.0,grandpas_village,12.46,clear,21.099,4.139,0.00,,world
113.00,2026-08-30 11:58:35,-25.40,4.93,-15.60,0.0,grandpas_village,12.48,clear,21.318,4.635,0.00,,world
113.50,2026-08-30 11:58:36,-25.40,4.93,-15.60,0.0,grandpas_village,12.50,clear,21.318,4.635,0.00,,world
114.00,2026-08-30 11:58:36,-25.40,4.93,-15.60,0.0,grandpas_village,12.52,clear,20.861,4.421,0.00,,world
114.50,2026-08-30 11:58:37,-25.40,4.93,-15.60,0.0,grandpas_village,12.54,clear,20.861,4.421,0.00,,world
115.00,2026-08-30 11:58:37,-25.40,4.93,-15.60,0.0,grandpas_village,12.56,clear,21.301,3.200,0.00,,world
115.50,2026-08-30 11:58:38,-25.40,4.93,-15.60,0.0,grandpas_village,12.58,clear,21.301,3.200,0.00,,world
116.00,2026-08-30 11:58:38,-25.40,4.93,-15.60,0.0,grandpas_village,12.60,clear,20.600,4.686,0.00,,world
116.50,2026-08-30 11:58:39,-25.40,4.93,-15.60,0.0,grandpas_village,12.62,clear,20.600,4.686,0.00,,world
117.00,2026-08-30 11:58:39,-25.40,4.93,-15.60,0.0,grandpas_village,12.64,clear,19.574,3.721,0.00,,world
117.50,2026-08-30 11:58:40,-25.40,4.93,-15.60,0.0,grandpas_village,12.66,clear,19.574,3.721,0.00,,world
118.00,2026-08-30 11:58:40,-25.40,4.93,-15.60,0.0,grandpas_village,12.68,clear,19.007,3.434,0.00,,world
118.50,2026-08-30 11:58:41,-25.40,4.93,-15.60,0.0,grandpas_village,12.70,clear,19.007,3.434,0.00,,world
119.00,2026-08-30 11:58:41,-25.40,4.93,-15.60,0.0,grandpas_village,12.72,clear,24.238,3.914,0.00,,world
119.50,2026-08-30 11:58:42,-25.40,4.93,-15.60,0.0,grandpas_village,12.74,clear,24.238,3.914,0.00,,world
120.00,2026-08-30 11:58:42,-25.40,4.93,-15.60,0.0,grandpas_village,12.76,clear,26.290,4.778,0.00,,world
120.50,2026-08-30 11:58:43,-25.40,4.93,-15.60,0.0,grandpas_village,12.78,clear,26.290,4.778,0.00,,world
121.00,2026-08-30 11:58:43,-25.40,4.93,-15.60,0.0,grandpas_village,12.80,clear,26.742,5.489,0.00,,world
121.50,2026-08-30 11:58:44,-25.40,4.93,-15.60,0.0,grandpas_village,12.82,clear,26.742,5.489,0.00,,world
122.00,2026-08-30 11:58:44,-25.40,4.93,-15.60,0.0,grandpas_village,12.84,clear,19.250,3.480,0.00,,world
122.50,2026-08-30 11:58:45,-25.40,4.93,-15.60,0.0,grandpas_village,12.86,clear,19.250,3.480,0.00,,world
123.00,2026-08-30 11:58:45,-25.40,4.93,-15.60,0.0,grandpas_village,12.88,clear,19.019,3.390,0.00,,world
123.50,2026-08-30 11:58:46,-25.40,4.93,-15.60,0.0,grandpas_village,12.90,clear,19.019,3.390,0.00,,world
124.00,2026-08-30 11:58:46,-25.40,4.93,-15.60,0.0,grandpas_village,12.92,clear,22.460,4.777,0.00,,world
124.50,2026-08-30 11:58:47,-25.40,4.93,-15.60,0.0,grandpas_village,12.94,clear,22.460,4.777,0.00,,world
125.00,2026-08-30 11:58:47,-25.40,4.93,-15.60,0.0,grandpas_village,12.96,clear,20.331,3.291,0.00,,world
125.50,2026-08-30 11:58:48,-25.40,4.93,-15.60,0.0,grandpas_village,12.98,clear,20.331,3.291,0.00,,world
126.00,2026-08-30 11:58:48,-25.40,4.93,-15.60,0.0,grandpas_village,13.00,clear,24.834,4.547,0.00,,world
126.50,2026-08-30 11:58:49,-25.40,4.93,-15.60,0.0,grandpas_village,13.02,clear,24.834,4.547,0.00,,world
127.00,2026-08-30 11:58:49,-25.40,4.93,-15.60,0.0,grandpas_village,13.04,clear,26.768,3.793,0.00,,world
127.50,2026-08-30 11:58:50,-25.40,4.93,-15.60,0.0,grandpas_village,13.06,clear,26.768,3.793,0.00,,world
128.00,2026-08-30 11:58:50,-25.40,4.93,-15.60,0.0,grandpas_village,13.08,clear,21.016,3.734,0.00,,world
128.50,2026-08-30 11:58:51,-25.40,4.93,-15.60,0.0,grandpas_village,13.10,clear,21.016,3.734,0.00,,world
129.00,2026-08-30 11:58:51,-25.40,4.93,-15.60,0.0,grandpas_village,13.12,clear,20.477,4.671,0.00,,world
129.50,2026-08-30 11:58:52,-25.40,4.93,-15.60,0.0,grandpas_village,13.14,clear,20.477,4.671,0.00,,world
130.00,2026-08-30 11:58:52,-25.40,4.93,-15.60,0.0,grandpas_village,13.16,clear,20.600,3.551,0.00,,world
130.50,2026-08-30 11:58:53,-25.40,4.93,-15.60,0.0,grandpas_village,13.18,clear,20.600,3.551,0.00,,world
131.00,2026-08-30 11:58:53,-25.40,4.93,-15.60,0.0,grandpas_village,13.20,clear,21.205,3.408,0.00,,world
131.50,2026-08-30 11:58:54,-25.40,4.93,-15.60,0.0,grandpas_village,13.22,clear,21.205,3.408,0.00,,world
132.00,2026-08-30 11:58:54,-25.40,4.93,-15.60,0.0,grandpas_village,13.24,clear,20.178,3.452,0.00,,world
132.50,2026-08-30 11:58:55,-25.40,4.93,-15.60,0.0,grandpas_village,13.26,clear,20.178,3.452,0.00,,world
133.00,2026-08-30 11:58:55,-25.40,4.93,-15.60,0.0,grandpas_village,13.28,clear,20.217,3.177,0.00,,world
133.50,2026-08-30 11:58:56,-25.40,4.93,-15.60,0.0,grandpas_village,13.30,clear,20.217,3.177,0.00,,world
134.00,2026-08-30 11:58:56,-25.40,4.93,-15.60,0.0,grandpas_village,13.32,clear,22.801,3.680,0.00,,world
134.50,2026-08-30 11:58:57,-25.40,4.93,-15.60,0.0,grandpas_village,13.34,clear,22.801,3.680,0.00,,world
135.00,2026-08-30 11:58:57,-25.40,4.93,-15.60,0.0,grandpas_village,13.36,clear,26.236,3.552,0.00,,world
135.50,2026-08-30 11:58:58,-25.40,4.93,-15.60,0.0,grandpas_village,13.38,clear,26.236,3.552,0.00,,world
136.00,2026-08-30 11:58:58,-25.40,4.93,-15.60,0.0,grandpas_village,13.40,clear,22.930,3.497,0.00,,world
136.50,2026-08-30 11:58:59,-25.40,4.93,-15.60,0.0,grandpas_village,13.42,clear,22.930,3.497,0.00,,world
137.00,2026-08-30 11:58:59,-25.40,4.93,-15.60,0.0,grandpas_village,13.44,clear,22.119,3.795,0.00,,world
137.50,2026-08-30 11:59:00,-25.40,4.93,-15.60,0.0,grandpas_village,13.46,clear,22.119,3.795,0.00,,world
138.00,2026-08-30 11:59:00,-25.40,4.93,-15.60,0.0,grandpas_village,13.48,clear,21.261,3.426,0.00,,world
138.50,2026-08-30 11:59:01,-25.40,4.93,-15.60,0.0,grandpas_village,13.50,clear,21.261,3.426,0.00,,world
139.00,2026-08-30 11:59:01,-25.40,4.93,-15.60,0.0,grandpas_village,13.52,clear,23.117,4.741,0.00,,world
139.50,2026-08-30 11:59:02,-25.40,4.93,-15.60,0.0,grandpas_village,13.54,clear,23.117,4.741,0.00,,world
140.00,2026-08-30 11:59:02,-25.40,4.93,-15.60,0.0,grandpas_village,13.56,clear,28.937,5.341,0.00,,world
140.50,2026-08-30 11:59:03,-25.40,4.93,-15.60,0.0,grandpas_village,13.58,clear,28.937,5.341,0.00,,world
141.00,2026-08-30 11:59:03,-25.40,4.93,-15.60,0.0,grandpas_village,13.60,clear,21.409,4.338,0.00,,world
141.50,2026-08-30 11:59:04,-25.40,4.93,-15.60,0.0,grandpas_village,13.62,clear,21.409,4.338,0.00,,world
142.00,2026-08-30 11:59:04,-25.40,4.93,-15.60,0.0,grandpas_village,13.64,clear,32.234,3.749,0.00,,world
142.50,2026-08-30 11:59:05,-25.40,4.93,-15.60,0.0,grandpas_village,13.66,clear,32.234,3.749,0.00,,world
143.00,2026-08-30 11:59:05,-25.40,4.93,-15.60,0.0,grandpas_village,13.68,clear,25.211,3.443,0.00,,world
143.50,2026-08-30 11:59:06,-25.40,4.93,-15.60,0.0,grandpas_village,13.70,clear,25.211,3.443,0.00,,world
144.00,2026-08-30 11:59:06,-25.40,4.93,-15.60,0.0,grandpas_village,13.72,clear,21.574,3.345,0.00,,world
144.50,2026-08-30 11:59:07,-25.40,4.93,-15.60,0.0,grandpas_village,13.74,clear,21.574,3.345,0.00,,world
145.00,2026-08-30 11:59:07,-25.40,4.93,-15.60,0.0,grandpas_village,13.76,clear,25.333,4.560,0.00,,world
145.50,2026-08-30 11:59:08,-25.40,4.93,-15.60,0.0,grandpas_village,13.78,clear,25.333,4.560,0.00,,world
146.00,2026-08-30 11:59:08,-25.40,4.93,-15.60,0.0,grandpas_village,13.80,clear,21.090,3.351,0.00,,world
146.50,2026-08-30 11:59:09,-25.40,4.93,-15.60,0.0,grandpas_village,13.82,clear,21.090,3.351,0.00,,world
147.00,2026-08-30 11:59:09,-25.40,4.93,-15.60,0.0,grandpas_village,13.84,clear,21.462,5.120,0.00,,world
147.50,2026-08-30 11:59:10,-25.40,4.93,-15.60,0.0,grandpas_village,13.86,clear,21.462,5.120,0.00,,world
148.00,2026-08-30 11:59:10,-25.40,4.93,-15.60,0.0,grandpas_village,13.88,clear,22.731,4.201,0.00,,world
148.50,2026-08-30 11:59:11,-25.40,4.93,-15.60,0.0,grandpas_village,13.90,clear,22.731,4.201,0.00,,world
149.00,2026-08-30 11:59:11,-25.40,4.93,-15.60,0.0,grandpas_village,13.92,clear,24.594,4.396,0.00,,world
149.50,2026-08-30 11:59:12,-25.40,4.93,-15.60,0.0,grandpas_village,13.94,clear,24.594,4.396,0.00,,world
150.00,2026-08-30 11:59:12,-25.40,4.93,-15.60,0.0,grandpas_village,13.96,clear,20.892,3.459,0.00,,world
150.50,2026-08-30 11:59:13,-25.40,4.93,-15.60,0.0,grandpas_village,13.98,clear,20.892,3.459,0.00,,world
151.00,2026-08-30 11:59:13,-25.40,4.93,-15.60,0.0,grandpas_village,14.00,clear,20.237,3.538,0.00,,world
151.50,2026-08-30 11:59:14,-25.40,4.93,-15.60,0.0,grandpas_village,14.02,clear,20.237,3.538,0.00,,world
152.00,2026-08-30 11:59:14,-25.40,4.93,-15.60,0.0,grandpas_village,14.04,clear,23.328,3.855,0.00,,world
152.50,2026-08-30 11:59:15,-25.40,4.93,-15.60,0.0,grandpas_village,14.06,clear,23.328,3.855,0.00,,world
153.00,2026-08-30 11:59:15,-25.40,4.93,-15.60,0.0,grandpas_village,14.08,clear,21.436,3.674,0.00,,world
153.50,2026-08-30 11:59:16,-25.40,4.93,-15.60,0.0,grandpas_village,14.10,clear,21.436,3.674,0.00,,world
154.00,2026-08-30 11:59:16,-25.40,4.93,-15.60,0.0,grandpas_village,14.12,clear,21.185,4.277,0.00,,world
154.50,2026-08-30 11:59:17,-25.40,4.93,-15.60,0.0,grandpas_village,14.14,clear,21.185,4.277,0.00,,world
155.00,2026-08-30 11:59:17,-25.40,4.93,-15.60,0.0,grandpas_village,14.16,clear,21.009,4.092,0.00,,world
155.50,2026-08-30 11:59:18,-25.40,4.93,-15.60,0.0,grandpas_village,14.18,clear,21.009,4.092,0.00,,world
156.00,2026-08-30 11:59:18,-25.40,4.93,-15.60,0.0,grandpas_village,14.20,clear,23.278,4.623,0.00,,world
156.50,2026-08-30 11:59:19,-25.40,4.93,-15.60,0.0,grandpas_village,14.22,clear,23.278,4.623,0.00,,world
157.00,2026-08-30 11:59:19,-25.40,4.93,-15.60,0.0,grandpas_village,14.24,clear,22.228,4.150,0.00,,world
157.50,2026-08-30 11:59:20,-25.40,4.93,-15.60,0.0,grandpas_village,14.26,clear,22.228,4.150,0.00,,world
158.00,2026-08-30 11:59:20,-25.40,4.93,-15.60,0.0,grandpas_village,14.28,clear,21.662,4.328,0.00,,world
158.50,2026-08-30 11:59:21,-25.40,4.93,-15.60,0.0,grandpas_village,14.30,clear,21.662,4.328,0.00,,world
159.00,2026-08-30 11:59:21,-25.40,4.93,-15.60,0.0,grandpas_village,14.32,clear,21.284,3.727,0.00,,world
159.50,2026-08-30 11:59:22,-25.40,4.93,-15.60,0.0,grandpas_village,14.34,clear,21.284,3.727,0.00,,world
160.00,2026-08-30 11:59:22,-25.40,4.93,-15.60,0.0,grandpas_village,14.36,clear,21.374,4.581,0.00,,world
160.50,2026-08-30 11:59:23,-25.40,4.93,-15.60,0.0,grandpas_village,14.38,clear,21.374,4.581,0.00,,world
161.00,2026-08-30 11:59:23,-25.40,4.93,-15.60,0.0,grandpas_village,14.40,clear,21.923,3.537,0.00,,world
161.50,2026-08-30 11:59:24,-25.40,4.93,-15.60,0.0,grandpas_village,14.42,clear,21.923,3.537,0.00,,world
162.00,2026-08-30 11:59:24,-25.40,4.93,-15.60,0.0,grandpas_village,14.44,clear,21.523,3.334,0.00,,world
162.50,2026-08-30 11:59:25,-25.40,4.93,-15.60,0.0,grandpas_village,14.46,clear,21.523,3.334,0.00,,world
163.00,2026-08-30 11:59:25,-25.40,4.93,-15.60,0.0,grandpas_village,14.48,clear,21.056,3.683,0.00,,world
163.50,2026-08-30 11:59:26,-25.40,4.93,-15.60,0.0,grandpas_village,14.50,clear,21.056,3.683,0.00,,world
164.00,2026-08-30 11:59:26,-25.40,4.93,-15.60,0.0,grandpas_village,14.52,clear,20.331,3.570,0.00,,world
164.50,2026-08-30 11:59:27,-25.40,4.93,-15.60,0.0,grandpas_village,14.54,clear,20.331,3.570,0.00,,world
165.00,2026-08-30 11:59:27,-25.40,4.93,-15.60,0.0,grandpas_village,14.56,clear,21.489,4.553,0.00,,world
165.50,2026-08-30 11:59:28,-25.40,4.93,-15.60,0.0,grandpas_village,14.58,clear,21.489,4.553,0.00,,world
166.00,2026-08-30 11:59:28,-25.40,4.93,-15.60,0.0,grandpas_village,14.60,clear,21.076,28.622,0.00,,world
166.50,2026-08-30 11:59:29,-25.40,4.93,-15.60,0.0,grandpas_village,14.62,clear,21.076,28.622,0.00,,world
167.00,2026-08-30 11:59:29,-25.40,4.93,-15.60,0.0,grandpas_village,14.64,clear,19.594,3.240,0.00,,world
167.50,2026-08-30 11:59:30,-25.40,4.93,-15.60,0.0,grandpas_village,14.66,clear,19.594,3.240,0.00,,world
168.00,2026-08-30 11:59:30,-25.40,4.93,-15.60,0.0,grandpas_village,14.68,clear,20.981,3.784,0.00,,world
168.50,2026-08-30 11:59:31,-25.40,4.93,-15.60,0.0,grandpas_village,14.70,clear,20.981,3.784,0.00,,world
169.00,2026-08-30 11:59:31,-25.40,4.93,-15.60,0.0,grandpas_village,14.72,clear,28.657,3.822,0.00,,world
169.50,2026-08-30 11:59:32,-25.40,4.93,-15.60,0.0,grandpas_village,14.74,clear,28.657,3.822,0.00,,world
170.00,2026-08-30 11:59:32,-25.40,4.93,-15.60,0.0,grandpas_village,14.76,clear,21.898,3.676,0.00,,world
170.50,2026-08-30 11:59:33,-25.40,4.93,-15.60,0.0,grandpas_village,14.78,clear,21.898,3.676,0.00,,world
171.00,2026-08-30 11:59:33,-25.40,4.93,-15.60,0.0,grandpas_village,14.80,clear,26.418,5.526,0.00,,world
171.50,2026-08-30 11:59:34,-25.40,4.93,-15.60,0.0,grandpas_village,14.82,clear,26.418,5.526,0.00,,world
172.00,2026-08-30 11:59:34,-25.40,4.93,-15.60,0.0,grandpas_village,14.84,clear,24.923,4.899,0.00,,world
172.50,2026-08-30 11:59:35,-25.40,4.93,-15.60,0.0,grandpas_village,14.86,clear,24.923,4.899,0.00,,world
173.00,2026-08-30 11:59:35,-25.40,4.93,-15.60,0.0,grandpas_village,14.88,clear,25.086,4.907,0.00,,world
173.50,2026-08-30 11:59:36,-25.40,4.93,-15.60,0.0,grandpas_village,14.90,clear,25.086,4.907,0.00,,world
174.00,2026-08-30 11:59:36,-25.40,4.93,-15.60,0.0,grandpas_village,14.92,clear,21.303,4.611,0.00,,world
174.50,2026-08-30 11:59:37,-25.40,4.93,-15.60,0.0,grandpas_village,14.94,clear,21.303,4.611,0.00,,world
175.00,2026-08-30 11:59:37,-25.40,4.93,-15.60,0.0,grandpas_village,14.96,clear,23.339,4.439,0.00,,world
175.50,2026-08-30 11:59:38,-25.40,4.93,-15.60,0.0,grandpas_village,14.98,clear,23.339,4.439,0.00,,world
176.00,2026-08-30 11:59:38,-25.40,4.93,-15.60,0.0,grandpas_village,15.00,clear,23.470,4.873,0.00,,world
176.50,2026-08-30 11:59:39,-25.40,4.93,-15.60,0.0,grandpas_village,15.02,clear,23.470,4.873,0.00,,world
177.00,2026-08-30 11:59:39,-25.40,4.93,-15.60,0.0,grandpas_village,15.04,clear,23.172,3.592,0.00,,world
177.50,2026-08-30 11:59:40,-25.40,4.93,-15.60,0.0,grandpas_village,15.06,clear,23.172,3.592,0.00,,world
178.00,2026-08-30 11:59:40,-25.40,4.93,-15.60,0.0,grandpas_village,15.08,clear,22.227,3.760,0.00,,world
178.50,2026-08-30 11:59:41,-25.40,4.93,-15.60,0.0,grandpas_village,15.10,clear,22.227,3.760,0.00,,world
179.00,2026-08-30 11:59:41,-25.40,4.93,-15.60,0.0,grandpas_village,15.12,clear,21.382,4.172,0.00,,world
179.50,2026-08-30 11:59:42,-25.40,4.93,-15.60,0.0,grandpas_village,15.14,clear,21.382,4.172,0.00,,world
180.00,2026-08-30 11:59:42,-25.40,4.93,-15.60,0.0,grandpas_village,15.16,clear,20.264,4.090,0.00,,world
180.50,2026-08-30 11:59:43,-25.40,4.93,-15.60,0.0,grandpas_village,15.18,clear,20.264,4.090,0.00,,world
181.00,2026-08-30 11:59:43,-25.40,4.93,-15.60,0.0,grandpas_village,15.20,clear,22.922,4.459,0.00,,world
181.50,2026-08-30 11:59:44,-25.40,4.93,-15.60,0.0,grandpas_village,15.22,clear,22.922,4.459,0.00,,world
182.00,2026-08-30 11:59:44,-25.40,4.93,-15.60,0.0,grandpas_village,15.24,clear,47.960,5.938,0.00,,world
182.50,2026-08-30 11:59:45,-25.40,4.93,-15.60,0.0,grandpas_village,15.26,clear,47.960,5.938,0.00,,world
183.00,2026-08-30 11:59:45,-25.40,4.93,-15.60,0.0,grandpas_village,15.28,clear,19.473,3.246,0.00,,world
183.50,2026-08-30 11:59:46,-25.40,4.93,-15.60,0.0,grandpas_village,15.30,clear,19.473,3.246,0.00,,world
184.00,2026-08-30 11:59:46,-25.40,4.93,-15.60,0.0,grandpas_village,15.32,clear,19.877,3.200,0.00,,world
184.50,2026-08-30 11:59:47,-25.40,4.93,-15.60,0.0,grandpas_village,15.34,clear,19.877,3.200,0.00,,world
185.00,2026-08-30 11:59:47,-24.23,4.65,-16.35,122.7,grandpas_village,15.36,clear,20.791,3.689,1.39,,world
185.50,2026-08-30 11:59:48,-22.62,4.65,-17.49,97.9,grandpas_village,15.38,clear,20.791,3.689,1.53,,world
186.00,2026-08-30 11:59:48,-21.37,4.23,-17.95,92.6,grandpas_village,15.40,clear,21.144,3.946,3.01,,world
186.50,2026-08-30 11:59:49,-18.93,1.92,-18.03,29.5,grandpas_village,15.42,clear,21.144,3.946,5.46,,world
187.00,2026-08-30 11:59:49,-18.94,1.32,-16.73,25.4,grandpas_village,15.44,clear,32.232,5.488,7.11,,world
187.50,2026-08-30 11:59:50,-18.12,1.32,-14.95,25.4,grandpas_village,15.46,clear,32.232,5.488,9.08,,world
188.00,2026-08-30 11:59:50,-19.86,1.32,-14.92,-88.5,grandpas_village,15.48,clear,21.665,4.602,10.82,,world
188.50,2026-08-30 11:59:51,-22.36,1.32,-14.85,-88.5,grandpas_village,15.50,clear,21.665,4.602,13.32,,world
189.37,2026-08-30 11:59:52,-23.23,1.32,-14.83,-88.5,grandpas_village,15.54,clear,21.681,9.513,14.19,,narrative_modal
189.87,2026-08-30 11:59:52,-23.23,1.32,-14.83,-88.5,grandpas_village,15.56,clear,20.712,4.334,0.00,,narrative_modal
190.37,2026-08-30 11:59:53,-23.23,1.32,-14.83,-88.5,grandpas_village,15.58,clear,20.712,4.334,0.00,,narrative_modal
190.88,2026-08-30 11:59:53,-23.23,1.32,-14.83,-88.5,grandpas_village,15.60,clear,20.949,3.372,0.00,,narrative_modal
191.48,2026-08-30 11:59:54,-23.23,1.32,-14.83,-88.5,grandpas_village,15.62,clear,20.949,3.372,0.00,,narrative_modal
192.00,2026-08-30 11:59:54,-23.23,1.32,-14.83,-88.5,grandpas_village,15.64,clear,145.854,3.648,0.00,,narrative_modal
192.90,2026-08-30 11:59:55,-23.23,1.32,-14.83,-88.5,grandpas_village,15.68,clear,20.011,3.986,0.00,,narrative_modal
193.40,2026-08-30 11:59:56,-23.23,1.32,-14.83,-88.5,grandpas_village,15.70,clear,20.011,3.986,0.00,,narrative_modal
193.90,2026-08-30 11:59:56,-23.23,1.32,-14.83,-88.5,grandpas_village,15.72,clear,22.103,3.463,0.00,,narrative_modal
194.42,2026-08-30 11:59:57,-23.23,1.32,-14.83,-88.5,grandpas_village,15.74,clear,22.103,3.463,0.00,,narrative_modal
195.37,2026-08-30 11:59:58,-23.23,1.32,-14.83,-88.5,grandpas_village,15.78,clear,21.274,3.436,0.00,,narrative_modal
196.23,2026-08-30 11:59:59,-23.23,1.32,-14.83,-88.5,grandpas_village,15.81,clear,20.106,3.769,0.00,,narrative_modal
197.15,2026-08-30 12:00:00,-23.23,1.32,-14.83,-88.5,grandpas_village,15.85,clear,18.510,3.262,0.00,,narrative_modal
197.65,2026-08-30 12:00:00,-23.23,1.32,-14.83,-88.5,grandpas_village,15.87,clear,18.510,3.262,0.00,,narrative_modal
198.60,2026-08-30 12:00:01,-23.23,1.32,-14.83,-88.5,grandpas_village,15.91,clear,23.052,3.373,0.00,,narrative_modal
199.48,2026-08-30 12:00:02,-23.23,1.32,-14.83,-88.5,grandpas_village,15.94,clear,20.674,3.155,0.00,,narrative_modal
200.00,2026-08-30 12:00:02,-23.23,1.32,-14.83,-88.5,grandpas_village,15.96,clear,20.157,4.242,0.00,,narrative_modal
200.88,2026-08-30 12:00:03,-23.23,1.32,-14.83,-88.5,grandpas_village,16.00,clear,19.903,4.047,0.00,,narrative_modal
201.40,2026-08-30 12:00:04,-23.23,1.32,-14.83,-88.5,grandpas_village,16.02,clear,19.903,4.047,0.00,,narrative_modal
201.92,2026-08-30 12:00:04,-23.23,1.32,-14.83,-88.5,grandpas_village,16.04,clear,26.049,4.776,0.00,,narrative_modal
202.82,2026-08-30 12:00:05,-23.23,1.32,-14.83,-88.5,grandpas_village,16.08,clear,26.049,4.776,0.00,,narrative_modal
203.32,2026-08-30 12:00:06,-23.23,1.32,-14.83,-88.5,grandpas_village,16.10,clear,19.968,4.410,0.00,,narrative_modal
203.82,2026-08-30 12:00:06,-23.23,1.32,-14.83,-88.5,grandpas_village,16.12,clear,19.968,4.410,0.00,,narrative_modal
204.32,2026-08-30 12:00:07,-23.23,1.32,-14.83,-88.5,grandpas_village,16.14,clear,20.117,3.902,0.00,,narrative_modal
204.82,2026-08-30 12:00:07,-23.23,1.32,-14.83,-88.5,grandpas_village,16.16,clear,20.117,3.902,0.00,,narrative_modal
205.32,2026-08-30 12:00:08,-23.23,1.32,-14.83,-88.5,grandpas_village,16.18,clear,21.286,3.736,0.00,,narrative_modal
205.82,2026-08-30 12:00:08,-23.23,1.32,-14.83,-88.5,grandpas_village,16.20,clear,21.286,3.736,0.00,,narrative_modal
206.50,2026-08-30 12:00:09,-23.23,1.32,-14.83,-88.5,grandpas_village,16.22,clear,21.288,3.638,0.00,,narrative_modal
207.00,2026-08-30 12:00:09,-23.23,1.32,-14.83,-88.5,grandpas_village,16.24,clear,24.467,11.301,0.00,,narrative_modal
207.50,2026-08-30 12:00:10,-23.23,1.32,-14.83,-88.5,grandpas_village,16.26,clear,24.467,11.301,0.00,,narrative_modal
208.00,2026-08-30 12:00:10,-23.23,1.32,-14.83,-88.5,grandpas_village,16.28,clear,20.975,4.362,0.00,,narrative_modal
208.50,2026-08-30 12:00:11,-23.23,1.32,-14.83,-88.5,grandpas_village,16.30,clear,20.975,4.362,0.00,,narrative_modal
209.00,2026-08-30 12:00:11,-23.23,1.32,-14.83,-88.5,grandpas_village,16.32,clear,24.491,4.798,0.00,,narrative_modal
209.50,2026-08-30 12:00:12,-23.23,1.32,-14.83,-88.5,grandpas_village,16.34,clear,24.491,4.798,0.00,,narrative_modal
210.00,2026-08-30 12:00:12,-23.23,1.32,-14.83,-88.5,grandpas_village,16.36,clear,29.852,6.913,0.00,,narrative_modal
210.50,2026-08-30 12:00:13,-23.23,1.32,-14.83,-88.5,grandpas_village,16.38,clear,29.852,6.913,0.00,,narrative_modal
211.00,2026-08-30 12:00:13,-23.23,2.41,-14.83,-88.5,grandpas_village,16.40,clear,35.171,11.968,0.00,,world
211.50,2026-08-30 12:00:14,-23.23,1.32,-14.83,-88.5,grandpas_village,16.42,clear,35.171,11.968,0.00,,world
212.00,2026-08-30 12:00:14,-23.23,1.32,-14.83,-88.5,grandpas_village,16.44,clear,23.811,3.886,0.00,,world
212.50,2026-08-30 12:00:15,-23.23,1.32,-14.83,-88.5,grandpas_village,16.46,clear,23.811,3.886,0.00,,world
213.00,2026-08-30 12:00:15,-23.23,1.32,-14.83,-88.5,grandpas_village,16.48,clear,24.355,4.052,0.00,,world
213.50,2026-08-30 12:00:16,-23.23,1.32,-14.83,-88.5,grandpas_village,16.50,clear,24.355,4.052,0.00,,world
214.00,2026-08-30 12:00:16,-23.23,1.32,-14.83,-88.5,grandpas_village,16.52,clear,23.179,3.513,0.00,,world
214.50,2026-08-30 12:00:17,-23.23,1.32,-14.83,-88.5,grandpas_village,16.54,clear,23.179,3.513,0.00,,world
215.00,2026-08-30 12:00:17,-23.23,1.32,-14.83,-88.5,grandpas_village,16.56,clear,21.343,3.516,0.00,,world
215.50,2026-08-30 12:00:18,-23.23,1.32,-14.83,-88.5,grandpas_village,16.58,clear,21.343,3.516,0.00,,world
216.52,2026-08-30 12:00:19,-23.23,1.32,-14.83,-88.5,grandpas_village,16.62,clear,23.494,4.708,0.00,,narrative_modal
217.03,2026-08-30 12:00:19,-23.23,1.32,-14.83,-88.5,grandpas_village,16.64,clear,26.364,4.730,0.00,,world
217.53,2026-08-30 12:00:20,-23.23,1.32,-14.83,-88.5,grandpas_village,16.66,clear,26.364,4.730,0.00,,world
218.03,2026-08-30 12:00:20,-22.33,1.32,-15.25,115.3,grandpas_village,16.68,clear,32.501,6.039,0.99,,world
218.53,2026-08-30 12:00:21,-20.07,1.32,-16.32,115.3,grandpas_village,16.70,clear,32.501,6.039,3.49,,world
219.03,2026-08-30 12:00:21,-17.81,1.32,-17.39,115.3,grandpas_village,16.72,clear,25.456,4.772,5.99,,world
219.53,2026-08-30 12:00:22,-17.74,1.32,-18.26,114.5,grandpas_village,16.74,clear,25.456,4.772,6.91,,world
220.03,2026-08-30 12:00:22,-18.19,1.32,-18.06,-151.0,grandpas_village,16.76,clear,26.756,5.462,7.41,,world
220.53,2026-08-30 12:00:23,-19.70,1.32,-16.74,-149.6,grandpas_village,16.78,clear,26.756,5.462,9.49,,world
221.03,2026-08-30 12:00:23,-17.96,1.32,-16.50,25.2,grandpas_village,16.80,clear,30.607,4.175,11.69,,world
221.53,2026-08-30 12:00:24,-17.45,1.32,-15.59,35.7,grandpas_village,16.82,clear,30.607,4.175,12.78,,world
222.03,2026-08-30 12:00:24,-15.38,1.20,-16.63,117.2,grandpas_village,16.84,clear,25.151,4.454,15.09,,world
222.53,2026-08-30 12:00:25,-13.16,1.20,-17.77,117.2,grandpas_village,16.86,clear,25.151,4.454,17.59,,world
223.03,2026-08-30 12:00:25,-10.93,1.20,-18.92,117.2,grandpas_village,16.88,clear,24.335,5.388,20.09,,world
223.53,2026-08-30 12:00:26,-8.68,1.10,-20.08,117.3,grandpas_village,16.90,clear,24.335,5.388,22.62,,world
224.03,2026-08-30 12:00:26,-6.44,1.05,-21.23,117.3,grandpas_village,16.92,clear,24.742,5.336,25.14,,world
224.53,2026-08-30 12:00:27,-4.22,1.04,-22.37,117.3,grandpas_village,16.94,clear,24.742,5.336,27.64,,world
225.03,2026-08-30 12:00:27,-1.99,0.99,-23.52,117.3,grandpas_village,16.96,clear,25.109,6.692,30.16,,world
225.53,2026-08-30 12:00:28,0.25,0.93,-24.67,117.3,grandpas_village,16.98,clear,25.109,6.692,32.67,,world
226.03,2026-08-30 12:00:28,2.49,0.90,-25.82,117.3,grandpas_village,17.00,clear,25.377,5.215,35.18,,world
226.53,2026-08-30 12:00:29,4.70,0.92,-26.96,117.3,grandpas_village,17.02,clear,25.377,5.215,37.68,,world
227.03,2026-08-30 12:00:29,6.93,0.91,-28.11,117.3,grandpas_village,17.04,clear,25.100,5.856,40.18,,world
227.53,2026-08-30 12:00:30,9.15,0.89,-29.26,117.3,grandpas_village,17.06,clear,25.100,5.856,2.17,,world
228.03,2026-08-30 12:00:30,11.38,0.88,-30.41,117.3,grandpas_village,17.08,clear,22.661,5.523,4.68,,world
228.53,2026-08-30 12:00:31,13.61,0.87,-31.55,117.3,grandpas_village,17.10,clear,22.661,5.523,7.18,,world
229.03,2026-08-30 12:00:31,15.82,0.89,-32.69,117.3,grandpas_village,17.12,clear,25.731,6.019,9.67,,world
229.53,2026-08-30 12:00:32,18.03,0.93,-33.83,117.3,grandpas_village,17.14,clear,25.731,6.019,12.16,,world
230.03,2026-08-30 12:00:32,20.26,0.91,-34.98,117.3,grandpas_village,17.16,clear,25.159,5.601,14.67,,world
230.53,2026-08-30 12:00:33,22.51,0.82,-36.14,117.3,grandpas_village,17.18,clear,25.159,5.601,17.20,,world
231.03,2026-08-30 12:00:33,24.78,0.69,-37.30,117.3,grandpas_village,17.20,clear,24.914,8.673,19.74,,world
231.53,2026-08-30 12:00:35,26.74,0.54,-38.43,-179.6,grandpas_village,17.22,clear,24.914,8.673,0.00,5.62,world
232.03,2026-08-30 12:00:36,24.70,0.79,-39.19,-108.5,grandpas_village,17.24,clear,24.711,7.263,0.00,4.99,world
232.55,2026-08-30 12:00:36,21.78,1.63,-46.54,-29.7,grandpas_village,17.27,clear,24.711,7.263,0.00,4.93,combat
233.05,2026-08-30 12:00:37,21.78,1.63,-46.54,-29.7,grandpas_village,17.28,clear,34.976,13.561,0.00,4.93,combat
233.55,2026-08-30 12:00:37,21.78,1.63,-46.54,-29.7,grandpas_village,17.30,clear,34.976,13.561,0.00,4.93,combat
234.05,2026-08-30 12:00:38,21.78,1.63,-46.54,-29.7,grandpas_village,17.32,clear,22.135,7.945,0.00,4.93,combat
234.55,2026-08-30 12:00:38,21.78,1.63,-46.54,-29.7,grandpas_village,17.34,clear,22.135,7.945,0.00,4.93,combat
235.05,2026-08-30 12:00:39,21.78,1.63,-46.54,-29.7,grandpas_village,17.37,clear,27.199,12.909,0.00,4.93,combat
235.55,2026-08-30 12:00:39,21.78,1.63,-46.54,-29.7,grandpas_village,17.38,clear,27.199,12.909,0.00,4.93,combat
236.05,2026-08-30 12:00:40,21.78,1.63,-46.54,-29.7,grandpas_village,17.40,clear,24.237,8.502,0.00,4.93,combat
236.55,2026-08-30 12:00:40,21.78,1.63,-46.54,-29.7,grandpas_village,17.42,clear,24.237,8.502,0.00,4.93,combat
237.07,2026-08-30 12:00:41,21.78,1.63,-46.54,-29.7,grandpas_village,17.45,clear,31.317,10.017,0.00,4.93,combat
238.42,2026-08-30 12:00:42,21.78,1.63,-46.54,-29.7,grandpas_village,17.50,clear,27.511,10.501,0.00,4.93,combat
239.43,2026-08-30 12:00:43,21.78,1.63,-46.54,-29.7,grandpas_village,17.54,clear,23.575,9.967,0.00,4.93,combat
240.43,2026-08-30 12:00:44,21.78,1.63,-46.54,-29.7,grandpas_village,17.58,clear,26.563,10.415,0.00,4.93,combat
240.93,2026-08-30 12:00:44,21.78,1.63,-46.54,-29.7,grandpas_village,17.60,clear,23.942,9.588,0.00,4.93,combat
241.43,2026-08-30 12:00:45,21.78,1.63,-46.54,-29.7,grandpas_village,17.62,clear,23.942,9.588,0.00,4.93,combat
241.93,2026-08-30 12:00:45,21.78,1.63,-46.54,-29.7,grandpas_village,17.64,clear,25.389,11.891,0.00,4.93,combat
242.43,2026-08-30 12:00:46,21.78,1.63,-46.54,-29.7,grandpas_village,17.66,clear,25.389,11.891,0.00,4.93,combat
242.93,2026-08-30 12:00:46,21.78,1.63,-46.54,-29.7,grandpas_village,17.68,clear,25.700,9.888,0.00,4.93,combat
243.45,2026-08-30 12:00:47,21.78,1.63,-46.54,-29.7,grandpas_village,17.70,clear,25.700,9.888,0.00,4.93,combat_aim
244.18,2026-08-30 12:00:48,21.78,1.63,-46.54,-29.7,grandpas_village,17.73,clear,25.373,9.624,0.00,4.93,combat_aim
244.90,2026-08-30 12:00:48,21.78,1.63,-46.54,-29.7,grandpas_village,17.76,clear,28.518,10.227,0.00,4.93,combat
245.40,2026-08-30 12:00:49,21.78,1.63,-46.54,-29.7,grandpas_village,17.78,clear,28.518,10.227,0.00,4.93,combat
245.90,2026-08-30 12:00:49,21.78,1.63,-46.54,-29.7,grandpas_village,17.80,clear,25.794,10.360,0.00,4.93,combat
246.40,2026-08-30 12:00:50,21.78,1.63,-46.54,-29.7,grandpas_village,17.82,clear,25.794,10.360,0.00,4.93,combat
246.90,2026-08-30 12:00:50,21.78,1.63,-46.54,-29.7,grandpas_village,17.84,clear,26.526,11.057,0.00,4.93,combat
247.40,2026-08-30 12:00:51,21.78,1.63,-46.54,-29.7,grandpas_village,17.86,clear,26.526,11.057,0.00,4.93,combat
247.90,2026-08-30 12:00:51,21.78,1.63,-46.54,-29.7,grandpas_village,17.88,clear,26.332,9.395,0.00,4.93,combat
248.40,2026-08-30 12:00:52,21.78,1.63,-46.54,-29.7,grandpas_village,17.90,clear,26.332,9.395,0.00,4.93,combat
248.90,2026-08-30 12:00:52,21.78,1.63,-46.54,-29.7,grandpas_village,17.92,clear,26.126,9.580,0.00,4.93,combat
249.40,2026-08-30 12:00:53,21.78,1.63,-46.54,-29.7,grandpas_village,17.94,clear,26.126,9.580,0.00,4.93,combat
249.90,2026-08-30 12:00:53,21.78,1.63,-46.54,-29.7,grandpas_village,17.96,clear,26.114,10.719,0.00,4.93,combat
250.40,2026-08-30 12:00:54,21.78,1.63,-46.54,-29.7,grandpas_village,17.98,clear,26.114,10.719,0.00,4.93,combat
250.90,2026-08-30 12:00:54,21.78,1.63,-46.54,-29.7,grandpas_village,18.00,clear,23.855,8.503,0.00,4.93,combat
251.85,2026-08-30 12:00:55,21.78,1.63,-46.54,-29.7,grandpas_village,18.04,clear,23.676,8.590,0.00,4.93,combat_aim
252.52,2026-08-30 12:00:56,21.78,1.63,-46.54,-29.7,grandpas_village,18.06,clear,23.676,8.590,0.00,4.93,combat
253.02,2026-08-30 12:00:57,21.78,1.63,-46.54,-29.7,grandpas_village,18.08,clear,25.060,11.049,0.00,4.93,combat
253.52,2026-08-30 12:00:57,21.78,1.63,-46.54,-29.7,grandpas_village,18.10,clear,25.060,11.049,0.00,4.93,combat
254.02,2026-08-30 12:00:58,21.78,1.63,-46.54,-29.7,grandpas_village,18.12,clear,25.470,7.867,0.00,4.93,combat
254.52,2026-08-30 12:00:58,21.78,1.63,-46.54,-29.7,grandpas_village,18.14,clear,25.470,7.867,0.00,4.93,combat
255.02,2026-08-30 12:00:59,21.78,1.63,-46.54,-29.7,grandpas_village,18.16,clear,24.723,8.713,0.00,4.93,combat
255.52,2026-08-30 12:00:59,21.78,1.63,-46.54,-29.7,grandpas_village,18.18,clear,24.723,8.713,0.00,4.93,combat
256.02,2026-08-30 12:00:59,21.78,1.63,-46.54,-29.7,grandpas_village,18.20,clear,23.299,7.940,0.00,4.93,combat
256.52,2026-08-30 12:01:00,21.78,1.63,-46.54,-29.7,grandpas_village,18.22,clear,23.299,7.940,0.00,4.93,combat
257.02,2026-08-30 12:01:01,21.78,1.63,-46.54,-29.7,grandpas_village,18.24,clear,24.409,7.677,0.00,4.93,combat
257.52,2026-08-30 12:01:01,21.78,1.63,-46.54,-29.7,grandpas_village,18.26,clear,24.409,7.677,0.00,4.93,combat
258.02,2026-08-30 12:01:02,21.78,1.63,-46.54,-29.7,grandpas_village,18.28,clear,24.927,10.992,0.00,4.93,combat
258.52,2026-08-30 12:01:02,21.78,1.63,-46.54,-29.7,grandpas_village,18.30,clear,24.927,10.992,0.00,4.93,combat
259.48,2026-08-30 12:01:03,21.78,1.63,-46.54,-29.7,grandpas_village,18.34,clear,25.959,10.290,0.00,4.93,combat_aim
260.20,2026-08-30 12:01:04,21.78,1.63,-46.54,-29.7,grandpas_village,18.37,clear,26.514,8.649,0.00,4.93,combat
260.70,2026-08-30 12:01:04,21.78,1.63,-46.54,-29.7,grandpas_village,18.39,clear,26.514,8.649,0.00,4.93,combat
261.20,2026-08-30 12:01:05,21.78,1.63,-46.54,-29.7,grandpas_village,18.41,clear,27.284,9.879,0.00,4.93,combat
261.70,2026-08-30 12:01:05,21.78,1.63,-46.54,-29.7,grandpas_village,18.43,clear,27.284,9.879,0.00,4.93,combat
262.20,2026-08-30 12:01:06,21.78,1.63,-46.54,-29.7,grandpas_village,18.45,clear,24.170,8.514,0.00,4.93,combat
262.70,2026-08-30 12:01:06,21.78,1.63,-46.54,-29.7,grandpas_village,18.47,clear,24.170,8.514,0.00,4.93,combat
263.20,2026-08-30 12:01:07,21.78,1.63,-46.54,-29.7,grandpas_village,18.49,clear,27.990,9.338,0.00,4.93,combat
263.70,2026-08-30 12:01:07,21.78,1.63,-46.54,-29.7,grandpas_village,18.51,clear,27.990,9.338,0.00,4.93,combat
264.20,2026-08-30 12:01:08,21.78,1.63,-46.54,-29.7,grandpas_village,18.53,clear,23.627,9.064,0.00,4.93,combat
264.70,2026-08-30 12:01:08,21.78,1.63,-46.54,-29.7,grandpas_village,18.55,clear,23.627,9.064,0.00,4.93,combat
265.20,2026-08-30 12:01:09,21.78,1.63,-46.54,-29.7,grandpas_village,18.57,clear,26.965,9.054,0.00,4.93,combat
265.70,2026-08-30 12:01:09,21.78,1.63,-46.54,-29.7,grandpas_village,18.59,clear,26.965,9.054,0.00,4.93,combat
266.20,2026-08-30 12:01:10,21.78,1.63,-46.54,-29.7,grandpas_village,18.61,clear,25.971,8.100,0.00,4.93,combat
267.27,2026-08-30 12:01:11,21.78,1.63,-46.54,-29.7,grandpas_village,18.65,clear,24.755,8.761,0.00,4.93,combat_aim
268.12,2026-08-30 12:01:12,21.78,1.63,-46.54,-29.7,grandpas_village,18.69,clear,30.669,10.888,0.00,4.93,combat
268.62,2026-08-30 12:01:12,21.78,1.63,-46.54,-29.7,grandpas_village,18.71,clear,30.669,10.888,0.00,4.93,combat
269.12,2026-08-30 12:01:13,21.78,1.63,-46.54,-29.7,grandpas_village,18.73,clear,28.140,10.338,0.00,4.93,combat
269.62,2026-08-30 12:01:13,21.78,1.63,-46.54,-29.7,grandpas_village,18.75,clear,28.140,10.338,0.00,4.93,combat
270.12,2026-08-30 12:01:14,21.78,1.63,-46.54,-29.7,grandpas_village,18.77,clear,25.475,10.856,0.00,4.93,combat
270.62,2026-08-30 12:01:14,21.78,1.63,-46.54,-29.7,grandpas_village,18.79,clear,25.475,10.856,0.00,4.93,combat
271.12,2026-08-30 12:01:15,21.78,1.63,-46.54,-29.7,grandpas_village,18.81,clear,25.460,8.829,0.00,4.93,combat
271.62,2026-08-30 12:01:15,21.78,1.63,-46.54,-29.7,grandpas_village,18.83,clear,25.460,8.829,0.00,4.93,combat
272.12,2026-08-30 12:01:16,21.78,1.63,-46.54,-29.7,grandpas_village,18.85,clear,27.139,8.980,0.00,4.93,combat
272.62,2026-08-30 12:01:16,21.78,1.63,-46.54,-29.7,grandpas_village,18.87,clear,27.139,8.980,0.00,4.93,combat
273.12,2026-08-30 12:01:17,21.78,1.63,-46.54,-29.7,grandpas_village,18.89,clear,26.543,10.481,0.00,4.93,combat
273.62,2026-08-30 12:01:17,21.78,1.63,-46.54,-29.7,grandpas_village,18.91,clear,26.543,10.481,0.00,4.93,combat
274.12,2026-08-30 12:01:18,21.78,1.63,-46.54,-29.7,grandpas_village,18.93,clear,33.539,12.150,0.00,4.93,combat
275.12,2026-08-30 12:01:19,21.78,1.63,-46.54,-29.7,grandpas_village,18.97,clear,36.716,8.585,0.00,4.93,world
275.92,2026-08-30 12:01:20,21.78,1.63,-46.54,-29.7,grandpas_village,19.00,clear,25.110,556.377,0.00,4.93,world
276.58,2026-08-30 12:01:21,21.78,1.63,-46.54,-29.7,grandpas_village,19.03,clear,26.115,9.360,0.00,4.93,world
277.23,2026-08-30 12:01:21,21.78,1.63,-46.54,-29.7,grandpas_village,19.05,clear,26.115,9.360,0.00,4.93,world
277.88,2026-08-30 12:01:22,21.78,1.63,-46.54,-29.7,grandpas_village,19.08,clear,25.049,8.493,0.00,4.93,world
278.57,2026-08-30 12:01:23,21.78,1.63,-46.54,-29.7,grandpas_village,19.11,clear,27.336,17.815,0.00,4.93,world
279.28,2026-08-30 12:01:23,21.78,1.63,-46.54,-29.7,grandpas_village,19.13,clear,27.336,17.815,0.00,4.93,world
280.00,2026-08-30 12:01:24,21.78,1.63,-46.54,-29.7,grandpas_village,19.16,clear,41.101,9.364,0.00,4.93,world
280.68,2026-08-30 12:01:25,21.78,1.63,-46.54,-29.7,grandpas_village,19.19,clear,26.727,11.294,0.00,4.93,world
281.38,2026-08-30 12:01:25,21.78,1.63,-46.54,-29.7,grandpas_village,19.22,clear,25.386,8.752,0.00,4.93,world
282.03,2026-08-30 12:01:26,21.78,1.63,-46.54,-29.7,grandpas_village,19.24,clear,25.386,8.752,0.00,4.93,world
282.70,2026-08-30 12:01:27,21.78,1.63,-46.54,-29.7,grandpas_village,19.27,clear,33.669,11.318,0.00,4.93,world
283.20,2026-08-30 12:01:27,22.43,1.36,-44.31,16.2,grandpas_village,19.29,clear,33.669,11.318,0.00,3.58,world
283.70,2026-08-30 12:01:28,23.15,1.08,-41.84,16.2,grandpas_village,19.31,clear,24.931,9.124,0.00,3.58,world
284.20,2026-08-30 12:01:28,23.87,0.88,-39.37,16.2,grandpas_village,19.33,clear,24.931,9.124,0.00,5.09,world
284.70,2026-08-30 12:01:29,24.59,0.68,-36.92,16.2,grandpas_village,19.35,clear,24.867,8.947,0.00,3.90,world
285.20,2026-08-30 12:01:29,25.31,0.49,-34.46,16.2,grandpas_village,19.37,clear,24.867,8.947,0.00,3.34,world
285.70,2026-08-30 12:01:30,26.03,0.31,-32.00,16.2,grandpas_village,19.39,clear,23.466,9.482,0.00,4.50,world
286.20,2026-08-30 12:01:30,26.82,0.21,-29.89,16.1,grandpas_village,19.41,clear,23.466,9.482,0.00,6.34,world
286.70,2026-08-30 12:01:31,27.79,0.10,-28.65,12.8,grandpas_village,19.43,clear,26.495,8.816,0.00,6.00,world
287.20,2026-08-30 12:01:31,28.36,0.16,-26.23,12.8,grandpas_village,19.45,clear,26.495,8.816,0.00,4.89,world
287.70,2026-08-30 12:01:32,28.91,0.24,-23.81,12.7,grandpas_village,19.47,clear,25.176,9.149,0.00,4.92,world
288.20,2026-08-30 12:01:32,29.46,0.34,-21.41,12.6,grandpas_village,19.49,clear,25.176,9.149,0.00,4.75,world
288.70,2026-08-30 12:01:33,30.01,0.44,-19.01,12.5,grandpas_village,19.51,clear,28.018,9.959,0.00,3.18,world
289.35,2026-08-30 12:01:33,30.35,0.48,-17.51,12.4,grandpas_village,19.54,clear,28.189,22.293,0.00,4.42,world
289.85,2026-08-30 12:01:34,29.91,0.57,-17.28,-61.1,grandpas_village,19.56,clear,28.189,22.293,0.00,4.91,world
290.35,2026-08-30 12:01:34,29.91,0.57,-17.28,-61.1,grandpas_village,19.58,clear,26.375,10.930,0.00,4.91,world
290.85,2026-08-30 12:01:35,29.91,0.57,-17.28,-61.1,grandpas_village,19.60,clear,26.375,10.930,0.00,4.91,world
291.35,2026-08-30 12:01:35,29.91,0.57,-17.28,-61.1,grandpas_village,19.62,clear,25.832,10.063,0.00,4.91,world
291.85,2026-08-30 12:01:36,29.91,0.57,-17.28,-61.1,grandpas_village,19.64,clear,25.832,10.063,0.00,4.91,world
292.35,2026-08-30 12:01:36,29.91,0.57,-17.28,-61.1,grandpas_village,19.66,clear,24.328,9.446,0.00,4.91,world
292.85,2026-08-30 12:01:37,29.91,0.57,-17.28,-69.9,grandpas_village,19.68,clear,24.328,9.446,0.00,4.91,world
293.35,2026-08-30 12:01:37,27.91,0.87,-16.55,-69.9,grandpas_village,19.70,clear,26.377,10.138,0.00,7.00,world
293.85,2026-08-30 12:01:38,25.58,0.90,-15.70,-69.9,grandpas_village,19.72,clear,26.377,10.138,0.00,5.59,world
294.35,2026-08-30 12:01:38,23.46,0.90,-14.92,-69.9,grandpas_village,19.74,clear,25.856,9.125,0.00,3.62,world
294.85,2026-08-30 12:01:39,23.84,0.90,-13.91,93.5,grandpas_village,19.76,clear,25.856,9.125,0.00,4.37,world
295.35,2026-08-30 12:01:39,23.20,0.90,-16.05,-163.2,grandpas_village,19.78,clear,25.775,11.428,0.00,3.20,world
295.85,2026-08-30 12:01:40,22.45,0.90,-17.22,-60.0,grandpas_village,19.80,clear,25.775,11.428,0.00,2.74,world
296.35,2026-08-30 12:01:40,20.33,0.90,-16.55,-57.7,grandpas_village,19.82,clear,24.529,10.050,0.00,0.64,world
296.85,2026-08-30 12:01:41,18.05,0.90,-15.72,-54.7,grandpas_village,19.84,clear,24.529,10.050,0.00,1.97,world
297.35,2026-08-30 12:01:41,16.00,0.90,-14.30,-54.4,grandpas_village,19.86,clear,34.050,12.934,0.00,4.34,world
297.85,2026-08-30 12:01:42,13.97,0.90,-12.84,-54.4,grandpas_village,19.88,clear,34.050,12.934,0.00,6.81,world
298.37,2026-08-30 12:01:42,11.90,0.90,-11.36,-54.4,grandpas_village,19.90,clear,23.392,9.856,0.00,9.34,menu_backpack
299.27,2026-08-30 12:01:43,11.90,0.90,-11.36,-54.4,grandpas_village,19.90,clear,194.920,8.694,0.00,9.34,menu_map
300.00,2026-08-30 12:01:44,11.90,0.90,-11.36,-54.4,grandpas_village,19.90,clear,194.920,8.694,0.00,9.34,menu_build
301.42,2026-08-30 12:01:45,11.90,0.90,-11.36,-54.4,grandpas_village,19.90,clear,81.243,3.651,0.00,9.34,menu_save
301.92,2026-08-30 12:01:46,11.90,0.90,-11.36,-54.4,grandpas_village,19.90,clear,81.243,3.651,0.00,9.34,menu_save
302.42,2026-08-30 12:01:46,11.90,0.90,-11.36,-54.4,grandpas_village,19.90,clear,43.809,5.481,0.00,9.34,menu_save
302.92,2026-08-30 12:01:47,11.90,0.90,-11.36,-54.4,grandpas_village,19.90,clear,43.809,5.481,0.00,9.34,menu_save
303.42,2026-08-30 12:01:47,11.90,0.90,-11.36,-54.4,grandpas_village,19.90,clear,43.438,5.078,0.00,9.34,menu_save
303.92,2026-08-30 12:01:48,11.90,0.90,-11.36,-54.4,grandpas_village,19.90,clear,43.438,5.078,0.00,9.34,menu_save
304.43,2026-08-30 12:01:48,11.77,0.90,-11.27,-54.4,grandpas_village,19.90,clear,49.792,3.989,0.00,9.49,world
