file,sha256,width,height
sequence-00-contact.png,e4a7f5e925558f666308a1185d77ddc6a705508c9eebb7160562730e2aa6e02c,1920,1080
sequence-00-flight.png,ff7264a88b04efcf1e61d99e3dff3d1a994fcc0245dce12c4e76197247aa91a3,1920,1080
sequence-00-impact.png,1628c20292c2afca87a6a781646e6bb57c2d5ef6923d77480ab60753c407b6c5,1920,1080
sequence-01-contact.png,bedad44c8214bf69188057e9ff08982aafdf0e6966df45287a025fbe86560047,1920,1080
sequence-01-flight.png,b9d65676bea832cb562db829e8ed7f8e5927be1dc7d2f212bc66dd55dc2cf5c0,1920,1080
sequence-01-impact.png,d9e98a6e1bc457bfb14a3982c8e1ef70f3864f8e106772874c818091e83e5c3e,1920,1080
sequence-02-contact.png,eea8820ba69e9e1e0a7c10d10d13f8e4ebd5ad1dd367682ba22f1a0632b10fd2,1920,1080
sequence-02-flight.png,b9f55f81bd376786a331b140585a99b8a031a49a042d5a193a89be5108dc2757,1920,1080
sequence-02-impact.png,dffef6243214655d90cf728fff15a3780fc60e863e5dbb14442f4846c411d412,1920,1080
sequence-03-contact.png,920f187225967742589cd5508579f56c56c2ba7032272bbb02904b3025b260f8,1920,1080
sequence-03-flight.png,2df7fba40d3f01e211f9f79c61cc687dd64a96c783a4291d7ab4a420a8edbdc1,1920,1080
sequence-03-impact.png,64a7b82a8f1648d3054517cbddcb9bc4c6115d34067b231e0e66e94d32eb142a,1920,1080
sequence-04-contact.png,f63cbecccde64bb8116d91597159065563a0fb1cfead5e1b68ae174c8882e8ca,1920,1080
sequence-04-flight.png,8e049815a79be692a8fb7e262681cfa879d313b6fe8cc7165f9134119a01495e,1920,1080
sequence-04-impact.png,fa958f517408ea4aefcf907dd449cac96298ba6905f21f45605540c576999bec,1920,1080
sequence-05-contact.png,5a66859e280310bd9858c0db250329746dc8bc22a4ddb78f5fe9b5cd091e730a,1920,1080
sequence-05-flight.png,edf62ac02db45871ec2331e52867ef93c22568f38a8857fbc250491fd0e1f124,1920,1080
sequence-05-impact.png,12c5b7a640de24894ab93ed63671ed11074e16a2a425026c31607497e8261206,1920,1080
sequence-06-contact.png,4fca07f31c37742c4b667314e2c9b5fcc5a902085ff7cf50f3109505d575edd0,1920,1080
sequence-06-flight.png,65b8d511d95f12b149650fc4c9293af5e5b17df252dc7b3b90ec69ad13289e67,1920,1080
sequence-06-impact.png,79f9c341747ece07987ac0b814573347645baa5e9d1e9bc4a16a7f55b7b084d8,1920,1080
sequence-07-contact.png,7f5b6a4e7069fd64592ea9ba361fbb57681b3e66d5b43ef33b0fe553eb70606a,1920,1080
sequence-07-flight.png,48551d93623152cdf7ab0670a0d1b97ac29a116947a711c9ae8e8620d7c00efb,1920,1080
sequence-07-impact.png,70921780837e223eea0624ead7c51af4b5fbb6aefaa9e27f965e9df53a316bf3,1920,1080
sequence-08-contact.png,5f98f3d1c99cfddeaf15a913cded390701982ab4c18f5aa9740f7a3a3995bb49,1920,1080
sequence-08-flight.png,d0bcf6bd0d532b169c759a51b8b33e9229be3c931b49db4788aafe9c1c0e277d,1920,1080
sequence-08-impact.png,d95d09cc7da506105281b911cd08a3255d4f03a452c1ef94518bae885dbe3ad5,1920,1080
sequence-09-contact.png,20281cb7635f050e928bfe6c297dbc37b9faff0d870743c6b21688077a81d516,1920,1080
sequence-09-flight.png,108480ebbe5fdbb18fc5fae7da69b5147ca1bd501f3a2a23c27721bf02f0be7d,1920,1080
sequence-09-impact.png,7b756329e78232fe0ea84967504d7678347980166f1e9d6eeaf71e404bd1550b,1920,1080
sequence-10-contact.png,5c5d6daeaefa7dda04d456f9e96468610ac947c24ee55313d05923d618002c7f,1920,1080
sequence-10-flight.png,c6882d5b0ffeda38beef14aa05d562ecf4c571fe569bbb61f157ef109f2a85e0,1920,1080
sequence-10-impact.png,b354d7321cf828869653e5e7430b1d92ec69b216bbbbbc46cb0e7da9fe41972b,1920,1080
sequence-11-contact.png,79ed856748fb7f438a1442e0bf28c53623043f2f7c3a6e6ad54472b471b22cfc,1920,1080
sequence-11-flight.png,8b48bfce2642f1a436e9ee78bbf3be9f5faa40dfe9911484d5928bd00c242407,1920,1080
sequence-11-impact.png,964eaf87f5dff9652708f9ae14e418a8ffe7efd8f44516f66d2b37c1492bc406,1920,1080
