id,biome,category,subject,location_id,route,time_of_day,weather_or_phase,pose_or_state,camera,frame_path,repro,commit,render_path
cloudreach__broken_causeways__03__three_bells_bridge__day__close,cloudreach,named_locations,Three Bells Bridge,cloudreach__broken_causeways__03__three_bells_bridge,off,day,clear,close,close,ralph/reports/VISUAL/phase2/cloudreach/locations/cloudreach__broken_causeways__03__three_bells_bridge__day__close.jpg,godot --path . --rendering-driver opengl3 --resolution 1920x1080 --script tools/phase2_capture_locations.gd -- --biome=cloudreach --subset=cloudreach__broken_causeways__03__three_bells_bridge --times=day --views=close --seed=2042 --output=res://ralph/reports/VISUAL/phase2/cloudreach/repro/cloudreach__broken_causeways__03__three_bells_bridge__day__close,2d9e35732e2a15d680696fbf124b3cc379376519,native GPU Compatibility
cloudreach__broken_causeways__03__three_bells_bridge__golden__close,cloudreach,named_locations,Three Bells Bridge,cloudreach__broken_causeways__03__three_bells_bridge,off,dusk,clear,close,close,ralph/reports/VISUAL/phase2/cloudreach/locations/cloudreach__broken_causeways__03__three_bells_bridge__golden__close.jpg,godot --path . --rendering-driver opengl3 --resolution 1920x1080 --script tools/phase2_capture_locations.gd -- --biome=cloudreach --subset=cloudreach__broken_causeways__03__three_bells_bridge --times=golden --views=close --seed=2042 --output=res://ralph/reports/VISUAL/phase2/cloudreach/repro/cloudreach__broken_causeways__03__three_bells_bridge__golden__close,2d9e35732e2a15d680696fbf124b3cc379376519,native GPU Compatibility
cloudreach__broken_causeways__03__three_bells_bridge__night__close,cloudreach,named_locations,Three Bells Bridge,cloudreach__broken_causeways__03__three_bells_bridge,off,night,clear,close,close,ralph/reports/VISUAL/phase2/cloudreach/locations/cloudreach__broken_causeways__03__three_bells_bridge__night__close.jpg,godot --path . --rendering-driver opengl3 --resolution 1920x1080 --script tools/phase2_capture_locations.gd -- --biome=cloudreach --subset=cloudreach__broken_causeways__03__three_bells_bridge --times=night --views=close --seed=2042 --output=res://ralph/reports/VISUAL/phase2/cloudreach/repro/cloudreach__broken_causeways__03__three_bells_bridge__night__close,2d9e35732e2a15d680696fbf124b3cc379376519,native GPU Compatibility
cloudreach__gate_lower_cliffs__01__realm_gate_crag__day__approach,cloudreach,named_locations,Realm Gate Crag,cloudreach__gate_lower_cliffs__01__realm_gate_crag,off,day,clear,approach,normal,ralph/reports/VISUAL/phase2/cloudreach/locations/cloudreach__gate_lower_cliffs__01__realm_gate_crag__day__approach.jpg,godot --path . --rendering-driver opengl3 --resolution 1920x1080 --script tools/phase2_capture_locations.gd -- --biome=cloudreach --subset=cloudreach__gate_lower_cliffs__01__realm_gate_crag --times=day --views=approach --seed=2042 --output=res://ralph/reports/VISUAL/phase2/cloudreach/repro/cloudreach__gate_lower_cliffs__01__realm_gate_crag__day__approach,2d9e35732e2a15d680696fbf124b3cc379376519,native GPU Compatibility
cloudreach__gate_lower_cliffs__01__realm_gate_crag__day__close,cloudreach,named_locations,Realm Gate Crag,cloudreach__gate_lower_cliffs__01__realm_gate_crag,off,day,clear,close,close,ralph/reports/VISUAL/phase2/cloudreach/locations/cloudreach__gate_lower_cliffs__01__realm_gate_crag__day__close.jpg,godot --path . --rendering-driver opengl3 --resolution 1920x1080 --script tools/phase2_capture_locations.gd -- --biome=cloudreach --subset=cloudreach__gate_lower_cliffs__01__realm_gate_crag --times=day --views=close --seed=2042 --output=res://ralph/reports/VISUAL/phase2/cloudreach/repro/cloudreach__gate_lower_cliffs__01__realm_gate_crag__day__close,2d9e35732e2a15d680696fbf124b3cc379376519,native GPU Compatibility
cloudreach__gate_lower_cliffs__01__realm_gate_crag__golden__approach,cloudreach,named_locations,Realm Gate Crag,cloudreach__gate_lower_cliffs__01__realm_gate_crag,off,dusk,clear,approach,normal,ralph/reports/VISUAL/phase2/cloudreach/locations/cloudreach__gate_lower_cliffs__01__realm_gate_crag__golden__approach.jpg,godot --path . --rendering-driver opengl3 --resolution 1920x1080 --script tools/phase2_capture_locations.gd -- --biome=cloudreach --subset=cloudreach__gate_lower_cliffs__01__realm_gate_crag --times=golden --views=approach --seed=2042 --output=res://ralph/reports/VISUAL/phase2/cloudreach/repro/cloudreach__gate_lower_cliffs__01__realm_gate_crag__golden__approach,2d9e35732e2a15d680696fbf124b3cc379376519,native GPU Compatibility
cloudreach__gate_lower_cliffs__01__realm_gate_crag__golden__close,cloudreach,named_locations,Realm Gate Crag,cloudreach__gate_lower_cliffs__01__realm_gate_crag,off,dusk,clear,close,close,ralph/reports/VISUAL/phase2/cloudreach/locations/cloudreach__gate_lower_cliffs__01__realm_gate_crag__golden__close.jpg,godot --path . --rendering-driver opengl3 --resolution 1920x1080 --script tools/phase2_capture_locations.gd -- --biome=cloudreach --subset=cloudreach__gate_lower_cliffs__01__realm_gate_crag --times=golden --views=close --seed=2042 --output=res://ralph/reports/VISUAL/phase2/cloudreach/repro/cloudreach__gate_lower_cliffs__01__realm_gate_crag__golden__close,2d9e35732e2a15d680696fbf124b3cc379376519,native GPU Compatibility
cloudreach__gate_lower_cliffs__01__realm_gate_crag__night__approach,cloudreach,named_locations,Realm Gate Crag,cloudreach__gate_lower_cliffs__01__realm_gate_crag,off,night,clear,approach,normal,ralph/reports/VISUAL/phase2/cloudreach/locations/cloudreach__gate_lower_cliffs__01__realm_gate_crag__night__approach.jpg,godot --path . --rendering-driver opengl3 --resolution 1920x1080 --script tools/phase2_capture_locations.gd -- --biome=cloudreach --subset=cloudreach__gate_lower_cliffs__01__realm_gate_crag --times=night --views=approach --seed=2042 --output=res://ralph/reports/VISUAL/phase2/cloudreach/repro/cloudreach__gate_lower_cliffs__01__realm_gate_crag__night__approach,2d9e35732e2a15d680696fbf124b3cc379376519,native GPU Compatibility
cloudreach__gate_lower_cliffs__01__realm_gate_crag__night__close,cloudreach,named_locations,Realm Gate Crag,cloudreach__gate_lower_cliffs__01__realm_gate_crag,off,night,clear,close,close,ralph/reports/VISUAL/phase2/cloudreach/locations/cloudreach__gate_lower_cliffs__01__realm_gate_crag__night__close.jpg,godot --path . --rendering-driver opengl3 --resolution 1920x1080 --script tools/phase2_capture_locations.gd -- --biome=cloudreach --subset=cloudreach__gate_lower_cliffs__01__realm_gate_crag --times=night --views=close --seed=2042 --output=res://ralph/reports/VISUAL/phase2/cloudreach/repro/cloudreach__gate_lower_cliffs__01__realm_gate_crag__night__close,2d9e35732e2a15d680696fbf124b3cc379376519,native GPU Compatibility
cloudreach__high_roost_sky_shrine__07__sky_shrine__day__approach,cloudreach,named_locations,Sky Shrine,cloudreach__high_roost_sky_shrine__07__sky_shrine,off,day,clear,approach,normal,ralph/reports/VISUAL/phase2/cloudreach/locations/cloudreach__high_roost_sky_shrine__07__sky_shrine__day__approach.jpg,godot --path . --rendering-driver opengl3 --resolution 1920x1080 --script tools/phase2_capture_locations.gd -- --biome=cloudreach --subset=cloudreach__high_roost_sky_shrine__07__sky_shrine --times=day --views=approach --seed=2042 --output=res://ralph/reports/VISUAL/phase2/cloudreach/repro/cloudreach__high_roost_sky_shrine__07__sky_shrine__day__approach,2d9e35732e2a15d680696fbf124b3cc379376519,native GPU Compatibility
cloudreach__high_roost_sky_shrine__07__sky_shrine__day__close,cloudreach,named_locations,Sky Shrine,cloudreach__high_roost_sky_shrine__07__sky_shrine,off,day,clear,close,close,ralph/reports/VISUAL/phase2/cloudreach/locations/cloudreach__high_roost_sky_shrine__07__sky_shrine__day__close.jpg,godot --path . --rendering-driver opengl3 --resolution 1920x1080 --script tools/phase2_capture_locations.gd -- --biome=cloudreach --subset=cloudreach__high_roost_sky_shrine__07__sky_shrine --times=day --views=close --seed=2042 --output=res://ralph/reports/VISUAL/phase2/cloudreach/repro/cloudreach__high_roost_sky_shrine__07__sky_shrine__day__close,2d9e35732e2a15d680696fbf124b3cc379376519,native GPU Compatibility
cloudreach__high_roost_sky_shrine__07__sky_shrine__golden__approach,cloudreach,named_locations,Sky Shrine,cloudreach__high_roost_sky_shrine__07__sky_shrine,off,dusk,clear,approach,normal,ralph/reports/VISUAL/phase2/cloudreach/locations/cloudreach__high_roost_sky_shrine__07__sky_shrine__golden__approach.jpg,godot --path . --rendering-driver opengl3 --resolution 1920x1080 --script tools/phase2_capture_locations.gd -- --biome=cloudreach --subset=cloudreach__high_roost_sky_shrine__07__sky_shrine --times=golden --views=approach --seed=2042 --output=res://ralph/reports/VISUAL/phase2/cloudreach/repro/cloudreach__high_roost_sky_shrine__07__sky_shrine__golden__approach,2d9e35732e2a15d680696fbf124b3cc379376519,native GPU Compatibility
cloudreach__high_roost_sky_shrine__07__sky_shrine__golden__close,cloudreach,named_locations,Sky Shrine,cloudreach__high_roost_sky_shrine__07__sky_shrine,off,dusk,clear,close,close,ralph/reports/VISUAL/phase2/cloudreach/locations/cloudreach__high_roost_sky_shrine__07__sky_shrine__golden__close.jpg,godot --path . --rendering-driver opengl3 --resolution 1920x1080 --script tools/phase2_capture_locations.gd -- --biome=cloudreach --subset=cloudreach__high_roost_sky_shrine__07__sky_shrine --times=golden --views=close --seed=2042 --output=res://ralph/reports/VISUAL/phase2/cloudreach/repro/cloudreach__high_roost_sky_shrine__07__sky_shrine__golden__close,2d9e35732e2a15d680696fbf124b3cc379376519,native GPU Compatibility
cloudreach__high_roost_sky_shrine__07__sky_shrine__night__approach,cloudreach,named_locations,Sky Shrine,cloudreach__high_roost_sky_shrine__07__sky_shrine,off,night,clear,approach,normal,ralph/reports/VISUAL/phase2/cloudreach/locations/cloudreach__high_roost_sky_shrine__07__sky_shrine__night__approach.jpg,godot --path . --rendering-driver opengl3 --resolution 1920x1080 --script tools/phase2_capture_locations.gd -- --biome=cloudreach --subset=cloudreach__high_roost_sky_shrine__07__sky_shrine --times=night --views=approach --seed=2042 --output=res://ralph/reports/VISUAL/phase2/cloudreach/repro/cloudreach__high_roost_sky_shrine__07__sky_shrine__night__approach,2d9e35732e2a15d680696fbf124b3cc379376519,native GPU Compatibility
cloudreach__high_roost_sky_shrine__07__sky_shrine__night__close,cloudreach,named_locations,Sky Shrine,cloudreach__high_roost_sky_shrine__07__sky_shrine,off,night,clear,close,close,ralph/reports/VISUAL/phase2/cloudreach/locations/cloudreach__high_roost_sky_shrine__07__sky_shrine__night__close.jpg,godot --path . --rendering-driver opengl3 --resolution 1920x1080 --script tools/phase2_capture_locations.gd -- --biome=cloudreach --subset=cloudreach__high_roost_sky_shrine__07__sky_shrine --times=night --views=close --seed=2042 --output=res://ralph/reports/VISUAL/phase2/cloudreach/repro/cloudreach__high_roost_sky_shrine__07__sky_shrine__night__close,2d9e35732e2a15d680696fbf124b3cc379376519,native GPU Compatibility
cloudreach__high_roost_sky_shrine__08__the_high_perches__day__approach,cloudreach,named_locations,The High Perches,cloudreach__high_roost_sky_shrine__08__the_high_perches,off,day,clear,approach,normal,ralph/reports/VISUAL/phase2/cloudreach/locations/cloudreach__high_roost_sky_shrine__08__the_high_perches__day__approach.jpg,godot --path . --rendering-driver opengl3 --resolution 1920x1080 --script tools/phase2_capture_locations.gd -- --biome=cloudreach --subset=cloudreach__high_roost_sky_shrine__08__the_high_perches --times=day --views=approach --seed=2042 --output=res://ralph/reports/VISUAL/phase2/cloudreach/repro/cloudreach__high_roost_sky_shrine__08__the_high_perches__day__approach,2d9e35732e2a15d680696fbf124b3cc379376519,native GPU Compatibility
cloudreach__high_roost_sky_shrine__08__the_high_perches__day__close,cloudreach,named_locations,The High Perches,cloudreach__high_roost_sky_shrine__08__the_high_perches,off,day,clear,close,close,ralph/reports/VISUAL/phase2/cloudreach/locations/cloudreach__high_roost_sky_shrine__08__the_high_perches__day__close.jpg,godot --path . --rendering-driver opengl3 --resolution 1920x1080 --script tools/phase2_capture_locations.gd -- --biome=cloudreach --subset=cloudreach__high_roost_sky_shrine__08__the_high_perches --times=day --views=close --seed=2042 --output=res://ralph/reports/VISUAL/phase2/cloudreach/repro/cloudreach__high_roost_sky_shrine__08__the_high_perches__day__close,2d9e35732e2a15d680696fbf124b3cc379376519,native GPU Compatibility
cloudreach__high_roost_sky_shrine__08__the_high_perches__golden__approach,cloudreach,named_locations,The High Perches,cloudreach__high_roost_sky_shrine__08__the_high_perches,off,dusk,clear,approach,normal,ralph/reports/VISUAL/phase2/cloudreach/locations/cloudreach__high_roost_sky_shrine__08__the_high_perches__golden__approach.jpg,godot --path . --rendering-driver opengl3 --resolution 1920x1080 --script tools/phase2_capture_locations.gd -- --biome=cloudreach --subset=cloudreach__high_roost_sky_shrine__08__the_high_perches --times=golden --views=approach --seed=2042 --output=res://ralph/reports/VISUAL/phase2/cloudreach/repro/cloudreach__high_roost_sky_shrine__08__the_high_perches__golden__approach,2d9e35732e2a15d680696fbf124b3cc379376519,native GPU Compatibility
cloudreach__high_roost_sky_shrine__08__the_high_perches__golden__close,cloudreach,named_locations,The High Perches,cloudreach__high_roost_sky_shrine__08__the_high_perches,off,dusk,clear,close,close,ralph/reports/VISUAL/phase2/cloudreach/locations/cloudreach__high_roost_sky_shrine__08__the_high_perches__golden__close.jpg,godot --path . --rendering-driver opengl3 --resolution 1920x1080 --script tools/phase2_capture_locations.gd -- --biome=cloudreach --subset=cloudreach__high_roost_sky_shrine__08__the_high_perches --times=golden --views=close --seed=2042 --output=res://ralph/reports/VISUAL/phase2/cloudreach/repro/cloudreach__high_roost_sky_shrine__08__the_high_perches__golden__close,2d9e35732e2a15d680696fbf124b3cc379376519,native GPU Compatibility
cloudreach__high_roost_sky_shrine__08__the_high_perches__night__approach,cloudreach,named_locations,The High Perches,cloudreach__high_roost_sky_shrine__08__the_high_perches,off,night,clear,approach,normal,ralph/reports/VISUAL/phase2/cloudreach/locations/cloudreach__high_roost_sky_shrine__08__the_high_perches__night__approach.jpg,godot --path . --rendering-driver opengl3 --resolution 1920x1080 --script tools/phase2_capture_locations.gd -- --biome=cloudreach --subset=cloudreach__high_roost_sky_shrine__08__the_high_perches --times=night --views=approach --seed=2042 --output=res://ralph/reports/VISUAL/phase2/cloudreach/repro/cloudreach__high_roost_sky_shrine__08__the_high_perches__night__approach,2d9e35732e2a15d680696fbf124b3cc379376519,native GPU Compatibility
cloudreach__high_roost_sky_shrine__08__the_high_perches__night__close,cloudreach,named_locations,The High Perches,cloudreach__high_roost_sky_shrine__08__the_high_perches,off,night,clear,close,close,ralph/reports/VISUAL/phase2/cloudreach/locations/cloudreach__high_roost_sky_shrine__08__the_high_perches__night__close.jpg,godot --path . --rendering-driver opengl3 --resolution 1920x1080 --script tools/phase2_capture_locations.gd -- --biome=cloudreach --subset=cloudreach__high_roost_sky_shrine__08__the_high_perches --times=night --views=close --seed=2042 --output=res://ralph/reports/VISUAL/phase2/cloudreach/repro/cloudreach__high_roost_sky_shrine__08__the_high_perches__night__close,2d9e35732e2a15d680696fbf124b3cc379376519,native GPU Compatibility
cloudreach__landmark__broken_skyroad_arch__day__approach,cloudreach,named_locations,Broken Skyroad Arch,cloudreach__landmark__broken_skyroad_arch,off,day,clear,approach,normal,ralph/reports/VISUAL/phase2/cloudreach/locations/cloudreach__landmark__broken_skyroad_arch__day__approach.jpg,godot --path . --rendering-driver opengl3 --resolution 1920x1080 --script tools/phase2_capture_locations.gd -- --biome=cloudreach --subset=cloudreach__landmark__broken_skyroad_arch --times=day --views=approach --seed=2042 --output=res://ralph/reports/VISUAL/phase2/cloudreach/repro/cloudreach__landmark__broken_skyroad_arch__day__approach,2d9e35732e2a15d680696fbf124b3cc379376519,native GPU Compatibility
cloudreach__landmark__broken_skyroad_arch__day__close,cloudreach,named_locations,Broken Skyroad Arch,cloudreach__landmark__broken_skyroad_arch,off,day,clear,close,close,ralph/reports/VISUAL/phase2/cloudreach/locations/cloudreach__landmark__broken_skyroad_arch__day__close.jpg,godot --path . --rendering-driver opengl3 --resolution 1920x1080 --script tools/phase2_capture_locations.gd -- --biome=cloudreach --subset=cloudreach__landmark__broken_skyroad_arch --times=day --views=close --seed=2042 --output=res://ralph/reports/VISUAL/phase2/cloudreach/repro/cloudreach__landmark__broken_skyroad_arch__day__close,2d9e35732e2a15d680696fbf124b3cc379376519,native GPU Compatibility
cloudreach__landmark__broken_skyroad_arch__golden__approach,cloudreach,named_locations,Broken Skyroad Arch,cloudreach__landmark__broken_skyroad_arch,off,dusk,clear,approach,normal,ralph/reports/VISUAL/phase2/cloudreach/locations/cloudreach__landmark__broken_skyroad_arch__golden__approach.jpg,godot --path . --rendering-driver opengl3 --resolution 1920x1080 --script tools/phase2_capture_locations.gd -- --biome=cloudreach --subset=cloudreach__landmark__broken_skyroad_arch --times=golden --views=approach --seed=2042 --output=res://ralph/reports/VISUAL/phase2/cloudreach/repro/cloudreach__landmark__broken_skyroad_arch__golden__approach,2d9e35732e2a15d680696fbf124b3cc379376519,native GPU Compatibility
cloudreach__landmark__broken_skyroad_arch__golden__close,cloudreach,named_locations,Broken Skyroad Arch,cloudreach__landmark__broken_skyroad_arch,off,dusk,clear,close,close,ralph/reports/VISUAL/phase2/cloudreach/locations/cloudreach__landmark__broken_skyroad_arch__golden__close.jpg,godot --path . --rendering-driver opengl3 --resolution 1920x1080 --script tools/phase2_capture_locations.gd -- --biome=cloudreach --subset=cloudreach__landmark__broken_skyroad_arch --times=golden --views=close --seed=2042 --output=res://ralph/reports/VISUAL/phase2/cloudreach/repro/cloudreach__landmark__broken_skyroad_arch__golden__close,2d9e35732e2a15d680696fbf124b3cc379376519,native GPU Compatibility
cloudreach__landmark__broken_skyroad_arch__night__approach,cloudreach,named_locations,Broken Skyroad Arch,cloudreach__landmark__broken_skyroad_arch,off,night,clear,approach,normal,ralph/reports/VISUAL/phase2/cloudreach/locations/cloudreach__landmark__broken_skyroad_arch__night__approach.jpg,godot --path . --rendering-driver opengl3 --resolution 1920x1080 --script tools/phase2_capture_locations.gd -- --biome=cloudreach --subset=cloudreach__landmark__broken_skyroad_arch --times=night --views=approach --seed=2042 --output=res://ralph/reports/VISUAL/phase2/cloudreach/repro/cloudreach__landmark__broken_skyroad_arch__night__approach,2d9e35732e2a15d680696fbf124b3cc379376519,native GPU Compatibility
cloudreach__landmark__broken_skyroad_arch__night__close,cloudreach,named_locations,Broken Skyroad Arch,cloudreach__landmark__broken_skyroad_arch,off,night,clear,close,close,ralph/reports/VISUAL/phase2/cloudreach/locations/cloudreach__landmark__broken_skyroad_arch__night__close.jpg,godot --path . --rendering-driver opengl3 --resolution 1920x1080 --script tools/phase2_capture_locations.gd -- --biome=cloudreach --subset=cloudreach__landmark__broken_skyroad_arch --times=night --views=close --seed=2042 --output=res://ralph/reports/VISUAL/phase2/cloudreach/repro/cloudreach__landmark__broken_skyroad_arch__night__close,2d9e35732e2a15d680696fbf124b3cc379376519,native GPU Compatibility
cloudreach__landmark__cliffhold_settlement__day__approach,cloudreach,named_locations,Cliffhold,cloudreach__landmark__cliffhold_settlement,off,day,clear,approach,normal,ralph/reports/VISUAL/phase2/cloudreach/locations/cloudreach__landmark__cliffhold_settlement__day__approach.jpg,godot --path . --rendering-driver opengl3 --resolution 1920x1080 --script tools/phase2_capture_locations.gd -- --biome=cloudreach --subset=cloudreach__landmark__cliffhold_settlement --times=day --views=approach --seed=2042 --output=res://ralph/reports/VISUAL/phase2/cloudreach/repro/cloudreach__landmark__cliffhold_settlement__day__approach,2d9e35732e2a15d680696fbf124b3cc379376519,native GPU Compatibility
cloudreach__landmark__cliffhold_settlement__day__close,cloudreach,named_locations,Cliffhold,cloudreach__landmark__cliffhold_settlement,off,day,clear,close,close,ralph/reports/VISUAL/phase2/cloudreach/locations/cloudreach__landmark__cliffhold_settlement__day__close.jpg,godot --path . --rendering-driver opengl3 --resolution 1920x1080 --script tools/phase2_capture_locations.gd -- --biome=cloudreach --subset=cloudreach__landmark__cliffhold_settlement --times=day --views=close --seed=2042 --output=res://ralph/reports/VISUAL/phase2/cloudreach/repro/cloudreach__landmark__cliffhold_settlement__day__close,2d9e35732e2a15d680696fbf124b3cc379376519,native GPU Compatibility
cloudreach__landmark__cliffhold_settlement__golden__approach,cloudreach,named_locations,Cliffhold,cloudreach__landmark__cliffhold_settlement,off,dusk,clear,approach,normal,ralph/reports/VISUAL/phase2/cloudreach/locations/cloudreach__landmark__cliffhold_settlement__golden__approach.jpg,godot --path . --rendering-driver opengl3 --resolution 1920x1080 --script tools/phase2_capture_locations.gd -- --biome=cloudreach --subset=cloudreach__landmark__cliffhold_settlement --times=golden --views=approach --seed=2042 --output=res://ralph/reports/VISUAL/phase2/cloudreach/repro/cloudreach__landmark__cliffhold_settlement__golden__approach,2d9e35732e2a15d680696fbf124b3cc379376519,native GPU Compatibility
cloudreach__landmark__cliffhold_settlement__golden__close,cloudreach,named_locations,Cliffhold,cloudreach__landmark__cliffhold_settlement,off,dusk,clear,close,close,ralph/reports/VISUAL/phase2/cloudreach/locations/cloudreach__landmark__cliffhold_settlement__golden__close.jpg,godot --path . --rendering-driver opengl3 --resolution 1920x1080 --script tools/phase2_capture_locations.gd -- --biome=cloudreach --subset=cloudreach__landmark__cliffhold_settlement --times=golden --views=close --seed=2042 --output=res://ralph/reports/VISUAL/phase2/cloudreach/repro/cloudreach__landmark__cliffhold_settlement__golden__close,2d9e35732e2a15d680696fbf124b3cc379376519,native GPU Compatibility
cloudreach__landmark__cliffhold_settlement__night__approach,cloudreach,named_locations,Cliffhold,cloudreach__landmark__cliffhold_settlement,off,night,clear,approach,normal,ralph/reports/VISUAL/phase2/cloudreach/locations/cloudreach__landmark__cliffhold_settlement__night__approach.jpg,godot --path . --rendering-driver opengl3 --resolution 1920x1080 --script tools/phase2_capture_locations.gd -- --biome=cloudreach --subset=cloudreach__landmark__cliffhold_settlement --times=night --views=approach --seed=2042 --output=res://ralph/reports/VISUAL/phase2/cloudreach/repro/cloudreach__landmark__cliffhold_settlement__night__approach,2d9e35732e2a15d680696fbf124b3cc379376519,native GPU Compatibility
cloudreach__landmark__cliffhold_settlement__night__close,cloudreach,named_locations,Cliffhold,cloudreach__landmark__cliffhold_settlement,off,night,clear,close,close,ralph/reports/VISUAL/phase2/cloudreach/locations/cloudreach__landmark__cliffhold_settlement__night__close.jpg,godot --path . --rendering-driver opengl3 --resolution 1920x1080 --script tools/phase2_capture_locations.gd -- --biome=cloudreach --subset=cloudreach__landmark__cliffhold_settlement --times=night --views=close --seed=2042 --output=res://ralph/reports/VISUAL/phase2/cloudreach/repro/cloudreach__landmark__cliffhold_settlement__night__close,2d9e35732e2a15d680696fbf124b3cc379376519,native GPU Compatibility
cloudreach__landmark__high_roost_perches__day__approach,cloudreach,named_locations,The High Perches,cloudreach__landmark__high_roost_perches,off,day,clear,approach,normal,ralph/reports/VISUAL/phase2/cloudreach/locations/cloudreach__landmark__high_roost_perches__day__approach.jpg,godot --path . --rendering-driver opengl3 --resolution 1920x1080 --script tools/phase2_capture_locations.gd -- --biome=cloudreach --subset=cloudreach__landmark__high_roost_perches --times=day --views=approach --seed=2042 --output=res://ralph/reports/VISUAL/phase2/cloudreach/repro/cloudreach__landmark__high_roost_perches__day__approach,2d9e35732e2a15d680696fbf124b3cc379376519,native GPU Compatibility
cloudreach__landmark__high_roost_perches__day__close,cloudreach,named_locations,The High Perches,cloudreach__landmark__high_roost_perches,off,day,clear,close,close,ralph/reports/VISUAL/phase2/cloudreach/locations/cloudreach__landmark__high_roost_perches__day__close.jpg,godot --path . --rendering-driver opengl3 --resolution 1920x1080 --script tools/phase2_capture_locations.gd -- --biome=cloudreach --subset=cloudreach__landmark__high_roost_perches --times=day --views=close --seed=2042 --output=res://ralph/reports/VISUAL/phase2/cloudreach/repro/cloudreach__landmark__high_roost_perches__day__close,2d9e35732e2a15d680696fbf124b3cc379376519,native GPU Compatibility
cloudreach__landmark__high_roost_perches__golden__approach,cloudreach,named_locations,The High Perches,cloudreach__landmark__high_roost_perches,off,dusk,clear,approach,normal,ralph/reports/VISUAL/phase2/cloudreach/locations/cloudreach__landmark__high_roost_perches__golden__approach.jpg,godot --path . --rendering-driver opengl3 --resolution 1920x1080 --script tools/phase2_capture_locations.gd -- --biome=cloudreach --subset=cloudreach__landmark__high_roost_perches --times=golden --views=approach --seed=2042 --output=res://ralph/reports/VISUAL/phase2/cloudreach/repro/cloudreach__landmark__high_roost_perches__golden__approach,2d9e35732e2a15d680696fbf124b3cc379376519,native GPU Compatibility
cloudreach__landmark__high_roost_perches__golden__close,cloudreach,named_locations,The High Perches,cloudreach__landmark__high_roost_perches,off,dusk,clear,close,close,ralph/reports/VISUAL/phase2/cloudreach/locations/cloudreach__landmark__high_roost_perches__golden__close.jpg,godot --path . --rendering-driver opengl3 --resolution 1920x1080 --script tools/phase2_capture_locations.gd -- --biome=cloudreach --subset=cloudreach__landmark__high_roost_perches --times=golden --views=close --seed=2042 --output=res://ralph/reports/VISUAL/phase2/cloudreach/repro/cloudreach__landmark__high_roost_perches__golden__close,2d9e35732e2a15d680696fbf124b3cc379376519,native GPU Compatibility
cloudreach__landmark__high_roost_perches__night__approach,cloudreach,named_locations,The High Perches,cloudreach__landmark__high_roost_perches,off,night,clear,approach,normal,ralph/reports/VISUAL/phase2/cloudreach/locations/cloudreach__landmark__high_roost_perches__night__approach.jpg,godot --path . --rendering-driver opengl3 --resolution 1920x1080 --script tools/phase2_capture_locations.gd -- --biome=cloudreach --subset=cloudreach__landmark__high_roost_perches --times=night --views=approach --seed=2042 --output=res://ralph/reports/VISUAL/phase2/cloudreach/repro/cloudreach__landmark__high_roost_perches__night__approach,2d9e35732e2a15d680696fbf124b3cc379376519,native GPU Compatibility
cloudreach__landmark__high_roost_perches__night__close,cloudreach,named_locations,The High Perches,cloudreach__landmark__high_roost_perches,off,night,clear,close,close,ralph/reports/VISUAL/phase2/cloudreach/locations/cloudreach__landmark__high_roost_perches__night__close.jpg,godot --path . --rendering-driver opengl3 --resolution 1920x1080 --script tools/phase2_capture_locations.gd -- --biome=cloudreach --subset=cloudreach__landmark__high_roost_perches --times=night --views=close --seed=2042 --output=res://ralph/reports/VISUAL/phase2/cloudreach/repro/cloudreach__landmark__high_roost_perches__night__close,2d9e35732e2a15d680696fbf124b3cc379376519,native GPU Compatibility
cloudreach__landmark__lower_cliffs_waycamp__day__approach,cloudreach,named_locations,Galefoot Waycamp,cloudreach__landmark__lower_cliffs_waycamp,off,day,clear,approach,normal,ralph/reports/VISUAL/phase2/cloudreach/locations/cloudreach__landmark__lower_cliffs_waycamp__day__approach.jpg,godot --path . --rendering-driver opengl3 --resolution 1920x1080 --script tools/phase2_capture_locations.gd -- --biome=cloudreach --subset=cloudreach__landmark__lower_cliffs_waycamp --times=day --views=approach --seed=2042 --output=res://ralph/reports/VISUAL/phase2/cloudreach/repro/cloudreach__landmark__lower_cliffs_waycamp__day__approach,2d9e35732e2a15d680696fbf124b3cc379376519,native GPU Compatibility
cloudreach__landmark__lower_cliffs_waycamp__day__close,cloudreach,named_locations,Galefoot Waycamp,cloudreach__landmark__lower_cliffs_waycamp,off,day,clear,close,close,ralph/reports/VISUAL/phase2/cloudreach/locations/cloudreach__landmark__lower_cliffs_waycamp__day__close.jpg,godot --path . --rendering-driver opengl3 --resolution 1920x1080 --script tools/phase2_capture_locations.gd -- --biome=cloudreach --subset=cloudreach__landmark__lower_cliffs_waycamp --times=day --views=close --seed=2042 --output=res://ralph/reports/VISUAL/phase2/cloudreach/repro/cloudreach__landmark__lower_cliffs_waycamp__day__close,2d9e35732e2a15d680696fbf124b3cc379376519,native GPU Compatibility
cloudreach__landmark__lower_cliffs_waycamp__golden__approach,cloudreach,named_locations,Galefoot Waycamp,cloudreach__landmark__lower_cliffs_waycamp,off,dusk,clear,approach,normal,ralph/reports/VISUAL/phase2/cloudreach/locations/cloudreach__landmark__lower_cliffs_waycamp__golden__approach.jpg,godot --path . --rendering-driver opengl3 --resolution 1920x1080 --script tools/phase2_capture_locations.gd -- --biome=cloudreach --subset=cloudreach__landmark__lower_cliffs_waycamp --times=golden --views=approach --seed=2042 --output=res://ralph/reports/VISUAL/phase2/cloudreach/repro/cloudreach__landmark__lower_cliffs_waycamp__golden__approach,2d9e35732e2a15d680696fbf124b3cc379376519,native GPU Compatibility
cloudreach__landmark__lower_cliffs_waycamp__golden__close,cloudreach,named_locations,Galefoot Waycamp,cloudreach__landmark__lower_cliffs_waycamp,off,dusk,clear,close,close,ralph/reports/VISUAL/phase2/cloudreach/locations/cloudreach__landmark__lower_cliffs_waycamp__golden__close.jpg,godot --path . --rendering-driver opengl3 --resolution 1920x1080 --script tools/phase2_capture_locations.gd -- --biome=cloudreach --subset=cloudreach__landmark__lower_cliffs_waycamp --times=golden --views=close --seed=2042 --output=res://ralph/reports/VISUAL/phase2/cloudreach/repro/cloudreach__landmark__lower_cliffs_waycamp__golden__close,2d9e35732e2a15d680696fbf124b3cc379376519,native GPU Compatibility
cloudreach__landmark__lower_cliffs_waycamp__night__approach,cloudreach,named_locations,Galefoot Waycamp,cloudreach__landmark__lower_cliffs_waycamp,off,night,clear,approach,normal,ralph/reports/VISUAL/phase2/cloudreach/locations/cloudreach__landmark__lower_cliffs_waycamp__night__approach.jpg,godot --path . --rendering-driver opengl3 --resolution 1920x1080 --script tools/phase2_capture_locations.gd -- --biome=cloudreach --subset=cloudreach__landmark__lower_cliffs_waycamp --times=night --views=approach --seed=2042 --output=res://ralph/reports/VISUAL/phase2/cloudreach/repro/cloudreach__landmark__lower_cliffs_waycamp__night__approach,2d9e35732e2a15d680696fbf124b3cc379376519,native GPU Compatibility
cloudreach__landmark__lower_cliffs_waycamp__night__close,cloudreach,named_locations,Galefoot Waycamp,cloudreach__landmark__lower_cliffs_waycamp,off,night,clear,close,close,ralph/reports/VISUAL/phase2/cloudreach/locations/cloudreach__landmark__lower_cliffs_waycamp__night__close.jpg,godot --path . --rendering-driver opengl3 --resolution 1920x1080 --script tools/phase2_capture_locations.gd -- --biome=cloudreach --subset=cloudreach__landmark__lower_cliffs_waycamp --times=night --views=close --seed=2042 --output=res://ralph/reports/VISUAL/phase2/cloudreach/repro/cloudreach__landmark__lower_cliffs_waycamp__night__close,2d9e35732e2a15d680696fbf124b3cc379376519,native GPU Compatibility
cloudreach__landmark__old_wind_observatory__day__approach,cloudreach,named_locations,Old Wind Observatory,cloudreach__landmark__old_wind_observatory,off,day,clear,approach,normal,ralph/reports/VISUAL/phase2/cloudreach/locations/cloudreach__landmark__old_wind_observatory__day__approach.jpg,godot --path . --rendering-driver opengl3 --resolution 1920x1080 --script tools/phase2_capture_locations.gd -- --biome=cloudreach --subset=cloudreach__landmark__old_wind_observatory --times=day --views=approach --seed=2042 --output=res://ralph/reports/VISUAL/phase2/cloudreach/repro/cloudreach__landmark__old_wind_observatory__day__approach,2d9e35732e2a15d680696fbf124b3cc379376519,native GPU Compatibility
cloudreach__landmark__old_wind_observatory__day__close,cloudreach,named_locations,Old Wind Observatory,cloudreach__landmark__old_wind_observatory,off,day,clear,close,close,ralph/reports/VISUAL/phase2/cloudreach/locations/cloudreach__landmark__old_wind_observatory__day__close.jpg,godot --path . --rendering-driver opengl3 --resolution 1920x1080 --script tools/phase2_capture_locations.gd -- --biome=cloudreach --subset=cloudreach__landmark__old_wind_observatory --times=day --views=close --seed=2042 --output=res://ralph/reports/VISUAL/phase2/cloudreach/repro/cloudreach__landmark__old_wind_observatory__day__close,2d9e35732e2a15d680696fbf124b3cc379376519,native GPU Compatibility
cloudreach__landmark__old_wind_observatory__golden__approach,cloudreach,named_locations,Old Wind Observatory,cloudreach__landmark__old_wind_observatory,off,dusk,clear,approach,normal,ralph/reports/VISUAL/phase2/cloudreach/locations/cloudreach__landmark__old_wind_observatory__golden__approach.jpg,godot --path . --rendering-driver opengl3 --resolution 1920x1080 --script tools/phase2_capture_locations.gd -- --biome=cloudreach --subset=cloudreach__landmark__old_wind_observatory --times=golden --views=approach --seed=2042 --output=res://ralph/reports/VISUAL/phase2/cloudreach/repro/cloudreach__landmark__old_wind_observatory__golden__approach,2d9e35732e2a15d680696fbf124b3cc379376519,native GPU Compatibility
cloudreach__landmark__old_wind_observatory__golden__close,cloudreach,named_locations,Old Wind Observatory,cloudreach__landmark__old_wind_observatory,off,dusk,clear,close,close,ralph/reports/VISUAL/phase2/cloudreach/locations/cloudreach__landmark__old_wind_observatory__golden__close.jpg,godot --path . --rendering-driver opengl3 --resolution 1920x1080 --script tools/phase2_capture_locations.gd -- --biome=cloudreach --subset=cloudreach__landmark__old_wind_observatory --times=golden --views=close --seed=2042 --output=res://ralph/reports/VISUAL/phase2/cloudreach/repro/cloudreach__landmark__old_wind_observatory__golden__close,2d9e35732e2a15d680696fbf124b3cc379376519,native GPU Compatibility
cloudreach__landmark__old_wind_observatory__night__approach,cloudreach,named_locations,Old Wind Observatory,cloudreach__landmark__old_wind_observatory,off,night,clear,approach,normal,ralph/reports/VISUAL/phase2/cloudreach/locations/cloudreach__landmark__old_wind_observatory__night__approach.jpg,godot --path . --rendering-driver opengl3 --resolution 1920x1080 --script tools/phase2_capture_locations.gd -- --biome=cloudreach --subset=cloudreach__landmark__old_wind_observatory --times=night --views=approach --seed=2042 --output=res://ralph/reports/VISUAL/phase2/cloudreach/repro/cloudreach__landmark__old_wind_observatory__night__approach,2d9e35732e2a15d680696fbf124b3cc379376519,native GPU Compatibility
cloudreach__landmark__old_wind_observatory__night__close,cloudreach,named_locations,Old Wind Observatory,cloudreach__landmark__old_wind_observatory,off,night,clear,close,close,ralph/reports/VISUAL/phase2/cloudreach/locations/cloudreach__landmark__old_wind_observatory__night__close.jpg,godot --path . --rendering-driver opengl3 --resolution 1920x1080 --script tools/phase2_capture_locations.gd -- --biome=cloudreach --subset=cloudreach__landmark__old_wind_observatory --times=night --views=close --seed=2042 --output=res://ralph/reports/VISUAL/phase2/cloudreach/repro/cloudreach__landmark__old_wind_observatory__night__close,2d9e35732e2a15d680696fbf124b3cc379376519,native GPU Compatibility
cloudreach__landmark__realm_gate_crag__day__approach,cloudreach,named_locations,Realm Gate Crag,cloudreach__landmark__realm_gate_crag,off,day,clear,approach,normal,ralph/reports/VISUAL/phase2/cloudreach/locations/cloudreach__landmark__realm_gate_crag__day__approach.jpg,godot --path . --rendering-driver opengl3 --resolution 1920x1080 --script tools/phase2_capture_locations.gd -- --biome=cloudreach --subset=cloudreach__landmark__realm_gate_crag --times=day --views=approach --seed=2042 --output=res://ralph/reports/VISUAL/phase2/cloudreach/repro/cloudreach__landmark__realm_gate_crag__day__approach,2d9e35732e2a15d680696fbf124b3cc379376519,native GPU Compatibility
cloudreach__landmark__realm_gate_crag__day__close,cloudreach,named_locations,Realm Gate Crag,cloudreach__landmark__realm_gate_crag,off,day,clear,close,close,ralph/reports/VISUAL/phase2/cloudreach/locations/cloudreach__landmark__realm_gate_crag__day__close.jpg,godot --path . --rendering-driver opengl3 --resolution 1920x1080 --script tools/phase2_capture_locations.gd -- --biome=cloudreach --subset=cloudreach__landmark__realm_gate_crag --times=day --views=close --seed=2042 --output=res://ralph/reports/VISUAL/phase2/cloudreach/repro/cloudreach__landmark__realm_gate_crag__day__close,2d9e35732e2a15d680696fbf124b3cc379376519,native GPU Compatibility
cloudreach__landmark__realm_gate_crag__golden__approach,cloudreach,named_locations,Realm Gate Crag,cloudreach__landmark__realm_gate_crag,off,dusk,clear,approach,normal,ralph/reports/VISUAL/phase2/cloudreach/locations/cloudreach__landmark__realm_gate_crag__golden__approach.jpg,godot --path . --rendering-driver opengl3 --resolution 1920x1080 --script tools/phase2_capture_locations.gd -- --biome=cloudreach --subset=cloudreach__landmark__realm_gate_crag --times=golden --views=approach --seed=2042 --output=res://ralph/reports/VISUAL/phase2/cloudreach/repro/cloudreach__landmark__realm_gate_crag__golden__approach,2d9e35732e2a15d680696fbf124b3cc379376519,native GPU Compatibility
cloudreach__landmark__realm_gate_crag__golden__close,cloudreach,named_locations,Realm Gate Crag,cloudreach__landmark__realm_gate_crag,off,dusk,clear,close,close,ralph/reports/VISUAL/phase2/cloudreach/locations/cloudreach__landmark__realm_gate_crag__golden__close.jpg,godot --path . --rendering-driver opengl3 --resolution 1920x1080 --script tools/phase2_capture_locations.gd -- --biome=cloudreach --subset=cloudreach__landmark__realm_gate_crag --times=golden --views=close --seed=2042 --output=res://ralph/reports/VISUAL/phase2/cloudreach/repro/cloudreach__landmark__realm_gate_crag__golden__close,2d9e35732e2a15d680696fbf124b3cc379376519,native GPU Compatibility
cloudreach__landmark__realm_gate_crag__night__approach,cloudreach,named_locations,Realm Gate Crag,cloudreach__landmark__realm_gate_crag,off,night,clear,approach,normal,ralph/reports/VISUAL/phase2/cloudreach/locations/cloudreach__landmark__realm_gate_crag__night__approach.jpg,godot --path . --rendering-driver opengl3 --resolution 1920x1080 --script tools/phase2_capture_locations.gd -- --biome=cloudreach --subset=cloudreach__landmark__realm_gate_crag --times=night --views=approach --seed=2042 --output=res://ralph/reports/VISUAL/phase2/cloudreach/repro/cloudreach__landmark__realm_gate_crag__night__approach,2d9e35732e2a15d680696fbf124b3cc379376519,native GPU Compatibility
cloudreach__landmark__realm_gate_crag__night__close,cloudreach,named_locations,Realm Gate Crag,cloudreach__landmark__realm_gate_crag,off,night,clear,close,close,ralph/reports/VISUAL/phase2/cloudreach/locations/cloudreach__landmark__realm_gate_crag__night__close.jpg,godot --path . --rendering-driver opengl3 --resolution 1920x1080 --script tools/phase2_capture_locations.gd -- --biome=cloudreach --subset=cloudreach__landmark__realm_gate_crag --times=night --views=close --seed=2042 --output=res://ralph/reports/VISUAL/phase2/cloudreach/repro/cloudreach__landmark__realm_gate_crag__night__close,2d9e35732e2a15d680696fbf124b3cc379376519,native GPU Compatibility
cloudreach__landmark__sky_shrine_heartstone__day__approach,cloudreach,named_locations,Sky Shrine,cloudreach__landmark__sky_shrine_heartstone,off,day,clear,approach,normal,ralph/reports/VISUAL/phase2/cloudreach/locations/cloudreach__landmark__sky_shrine_heartstone__day__approach.jpg,godot --path . --rendering-driver opengl3 --resolution 1920x1080 --script tools/phase2_capture_locations.gd -- --biome=cloudreach --subset=cloudreach__landmark__sky_shrine_heartstone --times=day --views=approach --seed=2042 --output=res://ralph/reports/VISUAL/phase2/cloudreach/repro/cloudreach__landmark__sky_shrine_heartstone__day__approach,2d9e35732e2a15d680696fbf124b3cc379376519,native GPU Compatibility
cloudreach__landmark__sky_shrine_heartstone__day__close,cloudreach,named_locations,Sky Shrine,cloudreach__landmark__sky_shrine_heartstone,off,day,clear,close,close,ralph/reports/VISUAL/phase2/cloudreach/locations/cloudreach__landmark__sky_shrine_heartstone__day__close.jpg,godot --path . --rendering-driver opengl3 --resolution 1920x1080 --script tools/phase2_capture_locations.gd -- --biome=cloudreach --subset=cloudreach__landmark__sky_shrine_heartstone --times=day --views=close --seed=2042 --output=res://ralph/reports/VISUAL/phase2/cloudreach/repro/cloudreach__landmark__sky_shrine_heartstone__day__close,2d9e35732e2a15d680696fbf124b3cc379376519,native GPU Compatibility
cloudreach__landmark__sky_shrine_heartstone__golden__approach,cloudreach,named_locations,Sky Shrine,cloudreach__landmark__sky_shrine_heartstone,off,dusk,clear,approach,normal,ralph/reports/VISUAL/phase2/cloudreach/locations/cloudreach__landmark__sky_shrine_heartstone__golden__approach.jpg,godot --path . --rendering-driver opengl3 --resolution 1920x1080 --script tools/phase2_capture_locations.gd -- --biome=cloudreach --subset=cloudreach__landmark__sky_shrine_heartstone --times=golden --views=approach --seed=2042 --output=res://ralph/reports/VISUAL/phase2/cloudreach/repro/cloudreach__landmark__sky_shrine_heartstone__golden__approach,2d9e35732e2a15d680696fbf124b3cc379376519,native GPU Compatibility
cloudreach__landmark__sky_shrine_heartstone__golden__close,cloudreach,named_locations,Sky Shrine,cloudreach__landmark__sky_shrine_heartstone,off,dusk,clear,close,close,ralph/reports/VISUAL/phase2/cloudreach/locations/cloudreach__landmark__sky_shrine_heartstone__golden__close.jpg,godot --path . --rendering-driver opengl3 --resolution 1920x1080 --script tools/phase2_capture_locations.gd -- --biome=cloudreach --subset=cloudreach__landmark__sky_shrine_heartstone --times=golden --views=close --seed=2042 --output=res://ralph/reports/VISUAL/phase2/cloudreach/repro/cloudreach__landmark__sky_shrine_heartstone__golden__close,2d9e35732e2a15d680696fbf124b3cc379376519,native GPU Compatibility
cloudreach__landmark__sky_shrine_heartstone__night__approach,cloudreach,named_locations,Sky Shrine,cloudreach__landmark__sky_shrine_heartstone,off,night,clear,approach,normal,ralph/reports/VISUAL/phase2/cloudreach/locations/cloudreach__landmark__sky_shrine_heartstone__night__approach.jpg,godot --path . --rendering-driver opengl3 --resolution 1920x1080 --script tools/phase2_capture_locations.gd -- --biome=cloudreach --subset=cloudreach__landmark__sky_shrine_heartstone --times=night --views=approach --seed=2042 --output=res://ralph/reports/VISUAL/phase2/cloudreach/repro/cloudreach__landmark__sky_shrine_heartstone__night__approach,2d9e35732e2a15d680696fbf124b3cc379376519,native GPU Compatibility
cloudreach__landmark__sky_shrine_heartstone__night__close,cloudreach,named_locations,Sky Shrine,cloudreach__landmark__sky_shrine_heartstone,off,night,clear,close,close,ralph/reports/VISUAL/phase2/cloudreach/locations/cloudreach__landmark__sky_shrine_heartstone__night__close.jpg,godot --path . --rendering-driver opengl3 --resolution 1920x1080 --script tools/phase2_capture_locations.gd -- --biome=cloudreach --subset=cloudreach__landmark__sky_shrine_heartstone --times=night --views=close --seed=2042 --output=res://ralph/reports/VISUAL/phase2/cloudreach/repro/cloudreach__landmark__sky_shrine_heartstone__night__close,2d9e35732e2a15d680696fbf124b3cc379376519,native GPU Compatibility
cloudreach__landmark__summit_eyrie_stronghold__day__approach,cloudreach,named_locations,Summit Eyrie,cloudreach__landmark__summit_eyrie_stronghold,off,day,clear,approach,normal,ralph/reports/VISUAL/phase2/cloudreach/locations/cloudreach__landmark__summit_eyrie_stronghold__day__approach.jpg,godot --path . --rendering-driver opengl3 --resolution 1920x1080 --script tools/phase2_capture_locations.gd -- --biome=cloudreach --subset=cloudreach__landmark__summit_eyrie_stronghold --times=day --views=approach --seed=2042 --output=res://ralph/reports/VISUAL/phase2/cloudreach/repro/cloudreach__landmark__summit_eyrie_stronghold__day__approach,2d9e35732e2a15d680696fbf124b3cc379376519,native GPU Compatibility
cloudreach__landmark__summit_eyrie_stronghold__day__close,cloudreach,named_locations,Summit Eyrie,cloudreach__landmark__summit_eyrie_stronghold,off,day,clear,close,close,ralph/reports/VISUAL/phase2/cloudreach/locations/cloudreach__landmark__summit_eyrie_stronghold__day__close.jpg,godot --path . --rendering-driver opengl3 --resolution 1920x1080 --script tools/phase2_capture_locations.gd -- --biome=cloudreach --subset=cloudreach__landmark__summit_eyrie_stronghold --times=day --views=close --seed=2042 --output=res://ralph/reports/VISUAL/phase2/cloudreach/repro/cloudreach__landmark__summit_eyrie_stronghold__day__close,2d9e35732e2a15d680696fbf124b3cc379376519,native GPU Compatibility
cloudreach__landmark__summit_eyrie_stronghold__golden__approach,cloudreach,named_locations,Summit Eyrie,cloudreach__landmark__summit_eyrie_stronghold,off,dusk,clear,approach,normal,ralph/reports/VISUAL/phase2/cloudreach/locations/cloudreach__landmark__summit_eyrie_stronghold__golden__approach.jpg,godot --path . --rendering-driver opengl3 --resolution 1920x1080 --script tools/phase2_capture_locations.gd -- --biome=cloudreach --subset=cloudreach__landmark__summit_eyrie_stronghold --times=golden --views=approach --seed=2042 --output=res://ralph/reports/VISUAL/phase2/cloudreach/repro/cloudreach__landmark__summit_eyrie_stronghold__golden__approach,2d9e35732e2a15d680696fbf124b3cc379376519,native GPU Compatibility
cloudreach__landmark__summit_eyrie_stronghold__golden__close,cloudreach,named_locations,Summit Eyrie,cloudreach__landmark__summit_eyrie_stronghold,off,dusk,clear,close,close,ralph/reports/VISUAL/phase2/cloudreach/locations/cloudreach__landmark__summit_eyrie_stronghold__golden__close.jpg,godot --path . --rendering-driver opengl3 --resolution 1920x1080 --script tools/phase2_capture_locations.gd -- --biome=cloudreach --subset=cloudreach__landmark__summit_eyrie_stronghold --times=golden --views=close --seed=2042 --output=res://ralph/reports/VISUAL/phase2/cloudreach/repro/cloudreach__landmark__summit_eyrie_stronghold__golden__close,2d9e35732e2a15d680696fbf124b3cc379376519,native GPU Compatibility
cloudreach__landmark__summit_eyrie_stronghold__night__approach,cloudreach,named_locations,Summit Eyrie,cloudreach__landmark__summit_eyrie_stronghold,off,night,clear,approach,normal,ralph/reports/VISUAL/phase2/cloudreach/locations/cloudreach__landmark__summit_eyrie_stronghold__night__approach.jpg,godot --path . --rendering-driver opengl3 --resolution 1920x1080 --script tools/phase2_capture_locations.gd -- --biome=cloudreach --subset=cloudreach__landmark__summit_eyrie_stronghold --times=night --views=approach --seed=2042 --output=res://ralph/reports/VISUAL/phase2/cloudreach/repro/cloudreach__landmark__summit_eyrie_stronghold__night__approach,2d9e35732e2a15d680696fbf124b3cc379376519,native GPU Compatibility
cloudreach__landmark__summit_eyrie_stronghold__night__close,cloudreach,named_locations,Summit Eyrie,cloudreach__landmark__summit_eyrie_stronghold,off,night,clear,close,close,ralph/reports/VISUAL/phase2/cloudreach/locations/cloudreach__landmark__summit_eyrie_stronghold__night__close.jpg,godot --path . --rendering-driver opengl3 --resolution 1920x1080 --script tools/phase2_capture_locations.gd -- --biome=cloudreach --subset=cloudreach__landmark__summit_eyrie_stronghold --times=night --views=close --seed=2042 --output=res://ralph/reports/VISUAL/phase2/cloudreach/repro/cloudreach__landmark__summit_eyrie_stronghold__night__close,2d9e35732e2a15d680696fbf124b3cc379376519,native GPU Compatibility
cloudreach__landmark__three_bells_bridge__day__approach,cloudreach,named_locations,Three Bells Bridge,cloudreach__landmark__three_bells_bridge,off,day,clear,approach,normal,ralph/reports/VISUAL/phase2/cloudreach/locations/cloudreach__landmark__three_bells_bridge__day__approach.jpg,godot --path . --rendering-driver opengl3 --resolution 1920x1080 --script tools/phase2_capture_locations.gd -- --biome=cloudreach --subset=cloudreach__landmark__three_bells_bridge --times=day --views=approach --seed=2042 --output=res://ralph/reports/VISUAL/phase2/cloudreach/repro/cloudreach__landmark__three_bells_bridge__day__approach,2d9e35732e2a15d680696fbf124b3cc379376519,native GPU Compatibility
cloudreach__landmark__three_bells_bridge__day__close,cloudreach,named_locations,Three Bells Bridge,cloudreach__landmark__three_bells_bridge,off,day,clear,close,close,ralph/reports/VISUAL/phase2/cloudreach/locations/cloudreach__landmark__three_bells_bridge__day__close.jpg,godot --path . --rendering-driver opengl3 --resolution 1920x1080 --script tools/phase2_capture_locations.gd -- --biome=cloudreach --subset=cloudreach__landmark__three_bells_bridge --times=day --views=close --seed=2042 --output=res://ralph/reports/VISUAL/phase2/cloudreach/repro/cloudreach__landmark__three_bells_bridge__day__close,2d9e35732e2a15d680696fbf124b3cc379376519,native GPU Compatibility
cloudreach__landmark__three_bells_bridge__golden__approach,cloudreach,named_locations,Three Bells Bridge,cloudreach__landmark__three_bells_bridge,off,dusk,clear,approach,normal,ralph/reports/VISUAL/phase2/cloudreach/locations/cloudreach__landmark__three_bells_bridge__golden__approach.jpg,godot --path . --rendering-driver opengl3 --resolution 1920x1080 --script tools/phase2_capture_locations.gd -- --biome=cloudreach --subset=cloudreach__landmark__three_bells_bridge --times=golden --views=approach --seed=2042 --output=res://ralph/reports/VISUAL/phase2/cloudreach/repro/cloudreach__landmark__three_bells_bridge__golden__approach,2d9e35732e2a15d680696fbf124b3cc379376519,native GPU Compatibility
cloudreach__landmark__three_bells_bridge__golden__close,cloudreach,named_locations,Three Bells Bridge,cloudreach__landmark__three_bells_bridge,off,dusk,clear,close,close,ralph/reports/VISUAL/phase2/cloudreach/locations/cloudreach__landmark__three_bells_bridge__golden__close.jpg,godot --path . --rendering-driver opengl3 --resolution 1920x1080 --script tools/phase2_capture_locations.gd -- --biome=cloudreach --subset=cloudreach__landmark__three_bells_bridge --times=golden --views=close --seed=2042 --output=res://ralph/reports/VISUAL/phase2/cloudreach/repro/cloudreach__landmark__three_bells_bridge__golden__close,2d9e35732e2a15d680696fbf124b3cc379376519,native GPU Compatibility
cloudreach__landmark__three_bells_bridge__night__approach,cloudreach,named_locations,Three Bells Bridge,cloudreach__landmark__three_bells_bridge,off,night,clear,approach,normal,ralph/reports/VISUAL/phase2/cloudreach/locations/cloudreach__landmark__three_bells_bridge__night__approach.jpg,godot --path . --rendering-driver opengl3 --resolution 1920x1080 --script tools/phase2_capture_locations.gd -- --biome=cloudreach --subset=cloudreach__landmark__three_bells_bridge --times=night --views=approach --seed=2042 --output=res://ralph/reports/VISUAL/phase2/cloudreach/repro/cloudreach__landmark__three_bells_bridge__night__approach,2d9e35732e2a15d680696fbf124b3cc379376519,native GPU Compatibility
cloudreach__landmark__three_bells_bridge__night__close,cloudreach,named_locations,Three Bells Bridge,cloudreach__landmark__three_bells_bridge,off,night,clear,close,close,ralph/reports/VISUAL/phase2/cloudreach/locations/cloudreach__landmark__three_bells_bridge__night__close.jpg,godot --path . --rendering-driver opengl3 --resolution 1920x1080 --script tools/phase2_capture_locations.gd -- --biome=cloudreach --subset=cloudreach__landmark__three_bells_bridge --times=night --views=close --seed=2042 --output=res://ralph/reports/VISUAL/phase2/cloudreach/repro/cloudreach__landmark__three_bells_bridge__night__close,2d9e35732e2a15d680696fbf124b3cc379376519,native GPU Compatibility
cloudreach__landmark__waterward_overlook__day__approach,cloudreach,named_locations,Stormward Overlook,cloudreach__landmark__waterward_overlook,off,day,clear,approach,normal,ralph/reports/VISUAL/phase2/cloudreach/locations/cloudreach__landmark__waterward_overlook__day__approach.jpg,godot --path . --rendering-driver opengl3 --resolution 1920x1080 --script tools/phase2_capture_locations.gd -- --biome=cloudreach --subset=cloudreach__landmark__waterward_overlook --times=day --views=approach --seed=2042 --output=res://ralph/reports/VISUAL/phase2/cloudreach/repro/cloudreach__landmark__waterward_overlook__day__approach,2d9e35732e2a15d680696fbf124b3cc379376519,native GPU Compatibility
cloudreach__landmark__waterward_overlook__day__close,cloudreach,named_locations,Stormward Overlook,cloudreach__landmark__waterward_overlook,off,day,clear,close,close,ralph/reports/VISUAL/phase2/cloudreach/locations/cloudreach__landmark__waterward_overlook__day__close.jpg,godot --path . --rendering-driver opengl3 --resolution 1920x1080 --script tools/phase2_capture_locations.gd -- --biome=cloudreach --subset=cloudreach__landmark__waterward_overlook --times=day --views=close --seed=2042 --output=res://ralph/reports/VISUAL/phase2/cloudreach/repro/cloudreach__landmark__waterward_overlook__day__close,2d9e35732e2a15d680696fbf124b3cc379376519,native GPU Compatibility
cloudreach__landmark__waterward_overlook__golden__approach,cloudreach,named_locations,Stormward Overlook,cloudreach__landmark__waterward_overlook,off,dusk,clear,approach,normal,ralph/reports/VISUAL/phase2/cloudreach/locations/cloudreach__landmark__waterward_overlook__golden__approach.jpg,godot --path . --rendering-driver opengl3 --resolution 1920x1080 --script tools/phase2_capture_locations.gd -- --biome=cloudreach --subset=cloudreach__landmark__waterward_overlook --times=golden --views=approach --seed=2042 --output=res://ralph/reports/VISUAL/phase2/cloudreach/repro/cloudreach__landmark__waterward_overlook__golden__approach,2d9e35732e2a15d680696fbf124b3cc379376519,native GPU Compatibility
cloudreach__landmark__waterward_overlook__golden__close,cloudreach,named_locations,Stormward Overlook,cloudreach__landmark__waterward_overlook,off,dusk,clear,close,close,ralph/reports/VISUAL/phase2/cloudreach/locations/cloudreach__landmark__waterward_overlook__golden__close.jpg,godot --path . --rendering-driver opengl3 --resolution 1920x1080 --script tools/phase2_capture_locations.gd -- --biome=cloudreach --subset=cloudreach__landmark__waterward_overlook --times=golden --views=close --seed=2042 --output=res://ralph/reports/VISUAL/phase2/cloudreach/repro/cloudreach__landmark__waterward_overlook__golden__close,2d9e35732e2a15d680696fbf124b3cc379376519,native GPU Compatibility
cloudreach__landmark__waterward_overlook__night__approach,cloudreach,named_locations,Stormward Overlook,cloudreach__landmark__waterward_overlook,off,night,clear,approach,normal,ralph/reports/VISUAL/phase2/cloudreach/locations/cloudreach__landmark__waterward_overlook__night__approach.jpg,godot --path . --rendering-driver opengl3 --resolution 1920x1080 --script tools/phase2_capture_locations.gd -- --biome=cloudreach --subset=cloudreach__landmark__waterward_overlook --times=night --views=approach --seed=2042 --output=res://ralph/reports/VISUAL/phase2/cloudreach/repro/cloudreach__landmark__waterward_overlook__night__approach,2d9e35732e2a15d680696fbf124b3cc379376519,native GPU Compatibility
cloudreach__landmark__waterward_overlook__night__close,cloudreach,named_locations,Stormward Overlook,cloudreach__landmark__waterward_overlook,off,night,clear,close,close,ralph/reports/VISUAL/phase2/cloudreach/locations/cloudreach__landmark__waterward_overlook__night__close.jpg,godot --path . --rendering-driver opengl3 --resolution 1920x1080 --script tools/phase2_capture_locations.gd -- --biome=cloudreach --subset=cloudreach__landmark__waterward_overlook --times=night --views=close --seed=2042 --output=res://ralph/reports/VISUAL/phase2/cloudreach/repro/cloudreach__landmark__waterward_overlook__night__close,2d9e35732e2a15d680696fbf124b3cc379376519,native GPU Compatibility
cloudreach__landmark__windscar_beacon__day__approach,cloudreach,named_locations,Windscar Beacon,cloudreach__landmark__windscar_beacon,off,day,clear,approach,normal,ralph/reports/VISUAL/phase2/cloudreach/locations/cloudreach__landmark__windscar_beacon__day__approach.jpg,godot --path . --rendering-driver opengl3 --resolution 1920x1080 --script tools/phase2_capture_locations.gd -- --biome=cloudreach --subset=cloudreach__landmark__windscar_beacon --times=day --views=approach --seed=2042 --output=res://ralph/reports/VISUAL/phase2/cloudreach/repro/cloudreach__landmark__windscar_beacon__day__approach,2d9e35732e2a15d680696fbf124b3cc379376519,native GPU Compatibility
cloudreach__landmark__windscar_beacon__day__close,cloudreach,named_locations,Windscar Beacon,cloudreach__landmark__windscar_beacon,off,day,clear,close,close,ralph/reports/VISUAL/phase2/cloudreach/locations/cloudreach__landmark__windscar_beacon__day__close.jpg,godot --path . --rendering-driver opengl3 --resolution 1920x1080 --script tools/phase2_capture_locations.gd -- --biome=cloudreach --subset=cloudreach__landmark__windscar_beacon --times=day --views=close --seed=2042 --output=res://ralph/reports/VISUAL/phase2/cloudreach/repro/cloudreach__landmark__windscar_beacon__day__close,2d9e35732e2a15d680696fbf124b3cc379376519,native GPU Compatibility
cloudreach__landmark__windscar_beacon__golden__approach,cloudreach,named_locations,Windscar Beacon,cloudreach__landmark__windscar_beacon,off,dusk,clear,approach,normal,ralph/reports/VISUAL/phase2/cloudreach/locations/cloudreach__landmark__windscar_beacon__golden__approach.jpg,godot --path . --rendering-driver opengl3 --resolution 1920x1080 --script tools/phase2_capture_locations.gd -- --biome=cloudreach --subset=cloudreach__landmark__windscar_beacon --times=golden --views=approach --seed=2042 --output=res://ralph/reports/VISUAL/phase2/cloudreach/repro/cloudreach__landmark__windscar_beacon__golden__approach,2d9e35732e2a15d680696fbf124b3cc379376519,native GPU Compatibility
cloudreach__landmark__windscar_beacon__golden__close,cloudreach,named_locations,Windscar Beacon,cloudreach__landmark__windscar_beacon,off,dusk,clear,close,close,ralph/reports/VISUAL/phase2/cloudreach/locations/cloudreach__landmark__windscar_beacon__golden__close.jpg,godot --path . --rendering-driver opengl3 --resolution 1920x1080 --script tools/phase2_capture_locations.gd -- --biome=cloudreach --subset=cloudreach__landmark__windscar_beacon --times=golden --views=close --seed=2042 --output=res://ralph/reports/VISUAL/phase2/cloudreach/repro/cloudreach__landmark__windscar_beacon__golden__close,2d9e35732e2a15d680696fbf124b3cc379376519,native GPU Compatibility
cloudreach__landmark__windscar_beacon__night__approach,cloudreach,named_locations,Windscar Beacon,cloudreach__landmark__windscar_beacon,off,night,clear,approach,normal,ralph/reports/VISUAL/phase2/cloudreach/locations/cloudreach__landmark__windscar_beacon__night__approach.jpg,godot --path . --rendering-driver opengl3 --resolution 1920x1080 --script tools/phase2_capture_locations.gd -- --biome=cloudreach --subset=cloudreach__landmark__windscar_beacon --times=night --views=approach --seed=2042 --output=res://ralph/reports/VISUAL/phase2/cloudreach/repro/cloudreach__landmark__windscar_beacon__night__approach,2d9e35732e2a15d680696fbf124b3cc379376519,native GPU Compatibility
cloudreach__landmark__windscar_beacon__night__close,cloudreach,named_locations,Windscar Beacon,cloudreach__landmark__windscar_beacon,off,night,clear,close,close,ralph/reports/VISUAL/phase2/cloudreach/locations/cloudreach__landmark__windscar_beacon__night__close.jpg,godot --path . --rendering-driver opengl3 --resolution 1920x1080 --script tools/phase2_capture_locations.gd -- --biome=cloudreach --subset=cloudreach__landmark__windscar_beacon --times=night --views=close --seed=2042 --output=res://ralph/reports/VISUAL/phase2/cloudreach/repro/cloudreach__landmark__windscar_beacon__night__close,2d9e35732e2a15d680696fbf124b3cc379376519,native GPU Compatibility
cloudreach__landmark__windscar_flight_aerie__day__approach,cloudreach,named_locations,Windscar Flight Aerie,cloudreach__landmark__windscar_flight_aerie,off,day,clear,approach,normal,ralph/reports/VISUAL/phase2/cloudreach/locations/cloudreach__landmark__windscar_flight_aerie__day__approach.jpg,godot --path . --rendering-driver opengl3 --resolution 1920x1080 --script tools/phase2_capture_locations.gd -- --biome=cloudreach --subset=cloudreach__landmark__windscar_flight_aerie --times=day --views=approach --seed=2042 --output=res://ralph/reports/VISUAL/phase2/cloudreach/repro/cloudreach__landmark__windscar_flight_aerie__day__approach,2d9e35732e2a15d680696fbf124b3cc379376519,native GPU Compatibility
cloudreach__landmark__windscar_flight_aerie__day__close,cloudreach,named_locations,Windscar Flight Aerie,cloudreach__landmark__windscar_flight_aerie,off,day,clear,close,close,ralph/reports/VISUAL/phase2/cloudreach/locations/cloudreach__landmark__windscar_flight_aerie__day__close.jpg,godot --path . --rendering-driver opengl3 --resolution 1920x1080 --script tools/phase2_capture_locations.gd -- --biome=cloudreach --subset=cloudreach__landmark__windscar_flight_aerie --times=day --views=close --seed=2042 --output=res://ralph/reports/VISUAL/phase2/cloudreach/repro/cloudreach__landmark__windscar_flight_aerie__day__close,2d9e35732e2a15d680696fbf124b3cc379376519,native GPU Compatibility
cloudreach__landmark__windscar_flight_aerie__golden__approach,cloudreach,named_locations,Windscar Flight Aerie,cloudreach__landmark__windscar_flight_aerie,off,dusk,clear,approach,normal,ralph/reports/VISUAL/phase2/cloudreach/locations/cloudreach__landmark__windscar_flight_aerie__golden__approach.jpg,godot --path . --rendering-driver opengl3 --resolution 1920x1080 --script tools/phase2_capture_locations.gd -- --biome=cloudreach --subset=cloudreach__landmark__windscar_flight_aerie --times=golden --views=approach --seed=2042 --output=res://ralph/reports/VISUAL/phase2/cloudreach/repro/cloudreach__landmark__windscar_flight_aerie__golden__approach,2d9e35732e2a15d680696fbf124b3cc379376519,native GPU Compatibility
cloudreach__landmark__windscar_flight_aerie__golden__close,cloudreach,named_locations,Windscar Flight Aerie,cloudreach__landmark__windscar_flight_aerie,off,dusk,clear,close,close,ralph/reports/VISUAL/phase2/cloudreach/locations/cloudreach__landmark__windscar_flight_aerie__golden__close.jpg,godot --path . --rendering-driver opengl3 --resolution 1920x1080 --script tools/phase2_capture_locations.gd -- --biome=cloudreach --subset=cloudreach__landmark__windscar_flight_aerie --times=golden --views=close --seed=2042 --output=res://ralph/reports/VISUAL/phase2/cloudreach/repro/cloudreach__landmark__windscar_flight_aerie__golden__close,2d9e35732e2a15d680696fbf124b3cc379376519,native GPU Compatibility
cloudreach__landmark__windscar_flight_aerie__night__approach,cloudreach,named_locations,Windscar Flight Aerie,cloudreach__landmark__windscar_flight_aerie,off,night,clear,approach,normal,ralph/reports/VISUAL/phase2/cloudreach/locations/cloudreach__landmark__windscar_flight_aerie__night__approach.jpg,godot --path . --rendering-driver opengl3 --resolution 1920x1080 --script tools/phase2_capture_locations.gd -- --biome=cloudreach --subset=cloudreach__landmark__windscar_flight_aerie --times=night --views=approach --seed=2042 --output=res://ralph/reports/VISUAL/phase2/cloudreach/repro/cloudreach__landmark__windscar_flight_aerie__night__approach,2d9e35732e2a15d680696fbf124b3cc379376519,native GPU Compatibility
cloudreach__landmark__windscar_flight_aerie__night__close,cloudreach,named_locations,Windscar Flight Aerie,cloudreach__landmark__windscar_flight_aerie,off,night,clear,close,close,ralph/reports/VISUAL/phase2/cloudreach/locations/cloudreach__landmark__windscar_flight_aerie__night__close.jpg,godot --path . --rendering-driver opengl3 --resolution 1920x1080 --script tools/phase2_capture_locations.gd -- --biome=cloudreach --subset=cloudreach__landmark__windscar_flight_aerie --times=night --views=close --seed=2042 --output=res://ralph/reports/VISUAL/phase2/cloudreach/repro/cloudreach__landmark__windscar_flight_aerie__night__close,2d9e35732e2a15d680696fbf124b3cc379376519,native GPU Compatibility
cloudreach__summit_final_stronghold__11__summit_eyrie__day__approach,cloudreach,named_locations,Summit Eyrie,cloudreach__summit_final_stronghold__11__summit_eyrie,off,day,clear,approach,normal,ralph/reports/VISUAL/phase2/cloudreach/locations/cloudreach__summit_final_stronghold__11__summit_eyrie__day__approach.jpg,godot --path . --rendering-driver opengl3 --resolution 1920x1080 --script tools/phase2_capture_locations.gd -- --biome=cloudreach --subset=cloudreach__summit_final_stronghold__11__summit_eyrie --times=day --views=approach --seed=2042 --output=res://ralph/reports/VISUAL/phase2/cloudreach/repro/cloudreach__summit_final_stronghold__11__summit_eyrie__day__approach,2d9e35732e2a15d680696fbf124b3cc379376519,native GPU Compatibility
cloudreach__summit_final_stronghold__11__summit_eyrie__day__close,cloudreach,named_locations,Summit Eyrie,cloudreach__summit_final_stronghold__11__summit_eyrie,off,day,clear,close,close,ralph/reports/VISUAL/phase2/cloudreach/locations/cloudreach__summit_final_stronghold__11__summit_eyrie__day__close.jpg,godot --path . --rendering-driver opengl3 --resolution 1920x1080 --script tools/phase2_capture_locations.gd -- --biome=cloudreach --subset=cloudreach__summit_final_stronghold__11__summit_eyrie --times=day --views=close --seed=2042 --output=res://ralph/reports/VISUAL/phase2/cloudreach/repro/cloudreach__summit_final_stronghold__11__summit_eyrie__day__close,2d9e35732e2a15d680696fbf124b3cc379376519,native GPU Compatibility
cloudreach__summit_final_stronghold__11__summit_eyrie__golden__approach,cloudreach,named_locations,Summit Eyrie,cloudreach__summit_final_stronghold__11__summit_eyrie,off,dusk,clear,approach,normal,ralph/reports/VISUAL/phase2/cloudreach/locations/cloudreach__summit_final_stronghold__11__summit_eyrie__golden__approach.jpg,godot --path . --rendering-driver opengl3 --resolution 1920x1080 --script tools/phase2_capture_locations.gd -- --biome=cloudreach --subset=cloudreach__summit_final_stronghold__11__summit_eyrie --times=golden --views=approach --seed=2042 --output=res://ralph/reports/VISUAL/phase2/cloudreach/repro/cloudreach__summit_final_stronghold__11__summit_eyrie__golden__approach,2d9e35732e2a15d680696fbf124b3cc379376519,native GPU Compatibility
cloudreach__summit_final_stronghold__11__summit_eyrie__golden__close,cloudreach,named_locations,Summit Eyrie,cloudreach__summit_final_stronghold__11__summit_eyrie,off,dusk,clear,close,close,ralph/reports/VISUAL/phase2/cloudreach/locations/cloudreach__summit_final_stronghold__11__summit_eyrie__golden__close.jpg,godot --path . --rendering-driver opengl3 --resolution 1920x1080 --script tools/phase2_capture_locations.gd -- --biome=cloudreach --subset=cloudreach__summit_final_stronghold__11__summit_eyrie --times=golden --views=close --seed=2042 --output=res://ralph/reports/VISUAL/phase2/cloudreach/repro/cloudreach__summit_final_stronghold__11__summit_eyrie__golden__close,2d9e35732e2a15d680696fbf124b3cc379376519,native GPU Compatibility
cloudreach__summit_final_stronghold__11__summit_eyrie__night__approach,cloudreach,named_locations,Summit Eyrie,cloudreach__summit_final_stronghold__11__summit_eyrie,off,night,clear,approach,normal,ralph/reports/VISUAL/phase2/cloudreach/locations/cloudreach__summit_final_stronghold__11__summit_eyrie__night__approach.jpg,godot --path . --rendering-driver opengl3 --resolution 1920x1080 --script tools/phase2_capture_locations.gd -- --biome=cloudreach --subset=cloudreach__summit_final_stronghold__11__summit_eyrie --times=night --views=approach --seed=2042 --output=res://ralph/reports/VISUAL/phase2/cloudreach/repro/cloudreach__summit_final_stronghold__11__summit_eyrie__night__approach,2d9e35732e2a15d680696fbf124b3cc379376519,native GPU Compatibility
cloudreach__summit_final_stronghold__11__summit_eyrie__night__close,cloudreach,named_locations,Summit Eyrie,cloudreach__summit_final_stronghold__11__summit_eyrie,off,night,clear,close,close,ralph/reports/VISUAL/phase2/cloudreach/locations/cloudreach__summit_final_stronghold__11__summit_eyrie__night__close.jpg,godot --path . --rendering-driver opengl3 --resolution 1920x1080 --script tools/phase2_capture_locations.gd -- --biome=cloudreach --subset=cloudreach__summit_final_stronghold__11__summit_eyrie --times=night --views=close --seed=2042 --output=res://ralph/reports/VISUAL/phase2/cloudreach/repro/cloudreach__summit_final_stronghold__11__summit_eyrie__night__close,2d9e35732e2a15d680696fbf124b3cc379376519,native GPU Compatibility
cloudreach__upper_cloudreach__09__cliffhold__day__approach,cloudreach,named_locations,Cliffhold,cloudreach__upper_cloudreach__09__cliffhold,off,day,clear,approach,normal,ralph/reports/VISUAL/phase2/cloudreach/locations/cloudreach__upper_cloudreach__09__cliffhold__day__approach.jpg,godot --path . --rendering-driver opengl3 --resolution 1920x1080 --script tools/phase2_capture_locations.gd -- --biome=cloudreach --subset=cloudreach__upper_cloudreach__09__cliffhold --times=day --views=approach --seed=2042 --output=res://ralph/reports/VISUAL/phase2/cloudreach/repro/cloudreach__upper_cloudreach__09__cliffhold__day__approach,2d9e35732e2a15d680696fbf124b3cc379376519,native GPU Compatibility
cloudreach__upper_cloudreach__09__cliffhold__day__close,cloudreach,named_locations,Cliffhold,cloudreach__upper_cloudreach__09__cliffhold,off,day,clear,close,close,ralph/reports/VISUAL/phase2/cloudreach/locations/cloudreach__upper_cloudreach__09__cliffhold__day__close.jpg,godot --path . --rendering-driver opengl3 --resolution 1920x1080 --script tools/phase2_capture_locations.gd -- --biome=cloudreach --subset=cloudreach__upper_cloudreach__09__cliffhold --times=day --views=close --seed=2042 --output=res://ralph/reports/VISUAL/phase2/cloudreach/repro/cloudreach__upper_cloudreach__09__cliffhold__day__close,2d9e35732e2a15d680696fbf124b3cc379376519,native GPU Compatibility
cloudreach__upper_cloudreach__09__cliffhold__golden__approach,cloudreach,named_locations,Cliffhold,cloudreach__upper_cloudreach__09__cliffhold,off,dusk,clear,approach,normal,ralph/reports/VISUAL/phase2/cloudreach/locations/cloudreach__upper_cloudreach__09__cliffhold__golden__approach.jpg,godot --path . --rendering-driver opengl3 --resolution 1920x1080 --script tools/phase2_capture_locations.gd -- --biome=cloudreach --subset=cloudreach__upper_cloudreach__09__cliffhold --times=golden --views=approach --seed=2042 --output=res://ralph/reports/VISUAL/phase2/cloudreach/repro/cloudreach__upper_cloudreach__09__cliffhold__golden__approach,2d9e35732e2a15d680696fbf124b3cc379376519,native GPU Compatibility
cloudreach__upper_cloudreach__09__cliffhold__golden__close,cloudreach,named_locations,Cliffhold,cloudreach__upper_cloudreach__09__cliffhold,off,dusk,clear,close,close,ralph/reports/VISUAL/phase2/cloudreach/locations/cloudreach__upper_cloudreach__09__cliffhold__golden__close.jpg,godot --path . --rendering-driver opengl3 --resolution 1920x1080 --script tools/phase2_capture_locations.gd -- --biome=cloudreach --subset=cloudreach__upper_cloudreach__09__cliffhold --times=golden --views=close --seed=2042 --output=res://ralph/reports/VISUAL/phase2/cloudreach/repro/cloudreach__upper_cloudreach__09__cliffhold__golden__close,2d9e35732e2a15d680696fbf124b3cc379376519,native GPU Compatibility
cloudreach__upper_cloudreach__09__cliffhold__night__approach,cloudreach,named_locations,Cliffhold,cloudreach__upper_cloudreach__09__cliffhold,off,night,clear,approach,normal,ralph/reports/VISUAL/phase2/cloudreach/locations/cloudreach__upper_cloudreach__09__cliffhold__night__approach.jpg,godot --path . --rendering-driver opengl3 --resolution 1920x1080 --script tools/phase2_capture_locations.gd -- --biome=cloudreach --subset=cloudreach__upper_cloudreach__09__cliffhold --times=night --views=approach --seed=2042 --output=res://ralph/reports/VISUAL/phase2/cloudreach/repro/cloudreach__upper_cloudreach__09__cliffhold__night__approach,2d9e35732e2a15d680696fbf124b3cc379376519,native GPU Compatibility
cloudreach__upper_cloudreach__09__cliffhold__night__close,cloudreach,named_locations,Cliffhold,cloudreach__upper_cloudreach__09__cliffhold,off,night,clear,close,close,ralph/reports/VISUAL/phase2/cloudreach/locations/cloudreach__upper_cloudreach__09__cliffhold__night__close.jpg,godot --path . --rendering-driver opengl3 --resolution 1920x1080 --script tools/phase2_capture_locations.gd -- --biome=cloudreach --subset=cloudreach__upper_cloudreach__09__cliffhold --times=night --views=close --seed=2042 --output=res://ralph/reports/VISUAL/phase2/cloudreach/repro/cloudreach__upper_cloudreach__09__cliffhold__night__close,2d9e35732e2a15d680696fbf124b3cc379376519,native GPU Compatibility
cloudreach__upper_cloudreach__10__old_wind_observatory__day__approach,cloudreach,named_locations,Old Wind Observatory,cloudreach__upper_cloudreach__10__old_wind_observatory,off,day,clear,approach,normal,ralph/reports/VISUAL/phase2/cloudreach/locations/cloudreach__upper_cloudreach__10__old_wind_observatory__day__approach.jpg,godot --path . --rendering-driver opengl3 --resolution 1920x1080 --script tools/phase2_capture_locations.gd -- --biome=cloudreach --subset=cloudreach__upper_cloudreach__10__old_wind_observatory --times=day --views=approach --seed=2042 --output=res://ralph/reports/VISUAL/phase2/cloudreach/repro/cloudreach__upper_cloudreach__10__old_wind_observatory__day__approach,2d9e35732e2a15d680696fbf124b3cc379376519,native GPU Compatibility
cloudreach__upper_cloudreach__10__old_wind_observatory__day__close,cloudreach,named_locations,Old Wind Observatory,cloudreach__upper_cloudreach__10__old_wind_observatory,off,day,clear,close,close,ralph/reports/VISUAL/phase2/cloudreach/locations/cloudreach__upper_cloudreach__10__old_wind_observatory__day__close.jpg,godot --path . --rendering-driver opengl3 --resolution 1920x1080 --script tools/phase2_capture_locations.gd -- --biome=cloudreach --subset=cloudreach__upper_cloudreach__10__old_wind_observatory --times=day --views=close --seed=2042 --output=res://ralph/reports/VISUAL/phase2/cloudreach/repro/cloudreach__upper_cloudreach__10__old_wind_observatory__day__close,2d9e35732e2a15d680696fbf124b3cc379376519,native GPU Compatibility
cloudreach__upper_cloudreach__10__old_wind_observatory__golden__approach,cloudreach,named_locations,Old Wind Observatory,cloudreach__upper_cloudreach__10__old_wind_observatory,off,dusk,clear,approach,normal,ralph/reports/VISUAL/phase2/cloudreach/locations/cloudreach__upper_cloudreach__10__old_wind_observatory__golden__approach.jpg,godot --path . --rendering-driver opengl3 --resolution 1920x1080 --script tools/phase2_capture_locations.gd -- --biome=cloudreach --subset=cloudreach__upper_cloudreach__10__old_wind_observatory --times=golden --views=approach --seed=2042 --output=res://ralph/reports/VISUAL/phase2/cloudreach/repro/cloudreach__upper_cloudreach__10__old_wind_observatory__golden__approach,2d9e35732e2a15d680696fbf124b3cc379376519,native GPU Compatibility
cloudreach__upper_cloudreach__10__old_wind_observatory__golden__close,cloudreach,named_locations,Old Wind Observatory,cloudreach__upper_cloudreach__10__old_wind_observatory,off,dusk,clear,close,close,ralph/reports/VISUAL/phase2/cloudreach/locations/cloudreach__upper_cloudreach__10__old_wind_observatory__golden__close.jpg,godot --path . --rendering-driver opengl3 --resolution 1920x1080 --script tools/phase2_capture_locations.gd -- --biome=cloudreach --subset=cloudreach__upper_cloudreach__10__old_wind_observatory --times=golden --views=close --seed=2042 --output=res://ralph/reports/VISUAL/phase2/cloudreach/repro/cloudreach__upper_cloudreach__10__old_wind_observatory__golden__close,2d9e35732e2a15d680696fbf124b3cc379376519,native GPU Compatibility
cloudreach__upper_cloudreach__10__old_wind_observatory__night__approach,cloudreach,named_locations,Old Wind Observatory,cloudreach__upper_cloudreach__10__old_wind_observatory,off,night,clear,approach,normal,ralph/reports/VISUAL/phase2/cloudreach/locations/cloudreach__upper_cloudreach__10__old_wind_observatory__night__approach.jpg,godot --path . --rendering-driver opengl3 --resolution 1920x1080 --script tools/phase2_capture_locations.gd -- --biome=cloudreach --subset=cloudreach__upper_cloudreach__10__old_wind_observatory --times=night --views=approach --seed=2042 --output=res://ralph/reports/VISUAL/phase2/cloudreach/repro/cloudreach__upper_cloudreach__10__old_wind_observatory__night__approach,2d9e35732e2a15d680696fbf124b3cc379376519,native GPU Compatibility
cloudreach__upper_cloudreach__10__old_wind_observatory__night__close,cloudreach,named_locations,Old Wind Observatory,cloudreach__upper_cloudreach__10__old_wind_observatory,off,night,clear,close,close,ralph/reports/VISUAL/phase2/cloudreach/locations/cloudreach__upper_cloudreach__10__old_wind_observatory__night__close.jpg,godot --path . --rendering-driver opengl3 --resolution 1920x1080 --script tools/phase2_capture_locations.gd -- --biome=cloudreach --subset=cloudreach__upper_cloudreach__10__old_wind_observatory --times=night --views=close --seed=2042 --output=res://ralph/reports/VISUAL/phase2/cloudreach/repro/cloudreach__upper_cloudreach__10__old_wind_observatory__night__close,2d9e35732e2a15d680696fbf124b3cc379376519,native GPU Compatibility
cloudreach__windscar_ravine__05__windscar_beacon__day__approach,cloudreach,named_locations,Windscar Beacon,cloudreach__windscar_ravine__05__windscar_beacon,off,day,clear,approach,normal,ralph/reports/VISUAL/phase2/cloudreach/locations/cloudreach__windscar_ravine__05__windscar_beacon__day__approach.jpg,godot --path . --rendering-driver opengl3 --resolution 1920x1080 --script tools/phase2_capture_locations.gd -- --biome=cloudreach --subset=cloudreach__windscar_ravine__05__windscar_beacon --times=day --views=approach --seed=2042 --output=res://ralph/reports/VISUAL/phase2/cloudreach/repro/cloudreach__windscar_ravine__05__windscar_beacon__day__approach,2d9e35732e2a15d680696fbf124b3cc379376519,native GPU Compatibility
cloudreach__windscar_ravine__05__windscar_beacon__day__close,cloudreach,named_locations,Windscar Beacon,cloudreach__windscar_ravine__05__windscar_beacon,off,day,clear,close,close,ralph/reports/VISUAL/phase2/cloudreach/locations/cloudreach__windscar_ravine__05__windscar_beacon__day__close.jpg,godot --path . --rendering-driver opengl3 --resolution 1920x1080 --script tools/phase2_capture_locations.gd -- --biome=cloudreach --subset=cloudreach__windscar_ravine__05__windscar_beacon --times=day --views=close --seed=2042 --output=res://ralph/reports/VISUAL/phase2/cloudreach/repro/cloudreach__windscar_ravine__05__windscar_beacon__day__close,2d9e35732e2a15d680696fbf124b3cc379376519,native GPU Compatibility
cloudreach__windscar_ravine__05__windscar_beacon__golden__approach,cloudreach,named_locations,Windscar Beacon,cloudreach__windscar_ravine__05__windscar_beacon,off,dusk,clear,approach,normal,ralph/reports/VISUAL/phase2/cloudreach/locations/cloudreach__windscar_ravine__05__windscar_beacon__golden__approach.jpg,godot --path . --rendering-driver opengl3 --resolution 1920x1080 --script tools/phase2_capture_locations.gd -- --biome=cloudreach --subset=cloudreach__windscar_ravine__05__windscar_beacon --times=golden --views=approach --seed=2042 --output=res://ralph/reports/VISUAL/phase2/cloudreach/repro/cloudreach__windscar_ravine__05__windscar_beacon__golden__approach,2d9e35732e2a15d680696fbf124b3cc379376519,native GPU Compatibility
cloudreach__windscar_ravine__05__windscar_beacon__golden__close,cloudreach,named_locations,Windscar Beacon,cloudreach__windscar_ravine__05__windscar_beacon,off,dusk,clear,close,close,ralph/reports/VISUAL/phase2/cloudreach/locations/cloudreach__windscar_ravine__05__windscar_beacon__golden__close.jpg,godot --path . --rendering-driver opengl3 --resolution 1920x1080 --script tools/phase2_capture_locations.gd -- --biome=cloudreach --subset=cloudreach__windscar_ravine__05__windscar_beacon --times=golden --views=close --seed=2042 --output=res://ralph/reports/VISUAL/phase2/cloudreach/repro/cloudreach__windscar_ravine__05__windscar_beacon__golden__close,2d9e35732e2a15d680696fbf124b3cc379376519,native GPU Compatibility
cloudreach__windscar_ravine__05__windscar_beacon__night__approach,cloudreach,named_locations,Windscar Beacon,cloudreach__windscar_ravine__05__windscar_beacon,off,night,clear,approach,normal,ralph/reports/VISUAL/phase2/cloudreach/locations/cloudreach__windscar_ravine__05__windscar_beacon__night__approach.jpg,godot --path . --rendering-driver opengl3 --resolution 1920x1080 --script tools/phase2_capture_locations.gd -- --biome=cloudreach --subset=cloudreach__windscar_ravine__05__windscar_beacon --times=night --views=approach --seed=2042 --output=res://ralph/reports/VISUAL/phase2/cloudreach/repro/cloudreach__windscar_ravine__05__windscar_beacon__night__approach,2d9e35732e2a15d680696fbf124b3cc379376519,native GPU Compatibility
cloudreach__windscar_ravine__05__windscar_beacon__night__close,cloudreach,named_locations,Windscar Beacon,cloudreach__windscar_ravine__05__windscar_beacon,off,night,clear,close,close,ralph/reports/VISUAL/phase2/cloudreach/locations/cloudreach__windscar_ravine__05__windscar_beacon__night__close.jpg,godot --path . --rendering-driver opengl3 --resolution 1920x1080 --script tools/phase2_capture_locations.gd -- --biome=cloudreach --subset=cloudreach__windscar_ravine__05__windscar_beacon --times=night --views=close --seed=2042 --output=res://ralph/reports/VISUAL/phase2/cloudreach/repro/cloudreach__windscar_ravine__05__windscar_beacon__night__close,2d9e35732e2a15d680696fbf124b3cc379376519,native GPU Compatibility
cloudreach__windscar_ravine__06__windscar_flight_aerie__day__approach,cloudreach,named_locations,Windscar Flight Aerie,cloudreach__windscar_ravine__06__windscar_flight_aerie,off,day,clear,approach,normal,ralph/reports/VISUAL/phase2/cloudreach/locations/cloudreach__windscar_ravine__06__windscar_flight_aerie__day__approach.jpg,godot --path . --rendering-driver opengl3 --resolution 1920x1080 --script tools/phase2_capture_locations.gd -- --biome=cloudreach --subset=cloudreach__windscar_ravine__06__windscar_flight_aerie --times=day --views=approach --seed=2042 --output=res://ralph/reports/VISUAL/phase2/cloudreach/repro/cloudreach__windscar_ravine__06__windscar_flight_aerie__day__approach,2d9e35732e2a15d680696fbf124b3cc379376519,native GPU Compatibility
cloudreach__windscar_ravine__06__windscar_flight_aerie__day__close,cloudreach,named_locations,Windscar Flight Aerie,cloudreach__windscar_ravine__06__windscar_flight_aerie,off,day,clear,close,close,ralph/reports/VISUAL/phase2/cloudreach/locations/cloudreach__windscar_ravine__06__windscar_flight_aerie__day__close.jpg,godot --path . --rendering-driver opengl3 --resolution 1920x1080 --script tools/phase2_capture_locations.gd -- --biome=cloudreach --subset=cloudreach__windscar_ravine__06__windscar_flight_aerie --times=day --views=close --seed=2042 --output=res://ralph/reports/VISUAL/phase2/cloudreach/repro/cloudreach__windscar_ravine__06__windscar_flight_aerie__day__close,2d9e35732e2a15d680696fbf124b3cc379376519,native GPU Compatibility
cloudreach__windscar_ravine__06__windscar_flight_aerie__golden__approach,cloudreach,named_locations,Windscar Flight Aerie,cloudreach__windscar_ravine__06__windscar_flight_aerie,off,dusk,clear,approach,normal,ralph/reports/VISUAL/phase2/cloudreach/locations/cloudreach__windscar_ravine__06__windscar_flight_aerie__golden__approach.jpg,godot --path . --rendering-driver opengl3 --resolution 1920x1080 --script tools/phase2_capture_locations.gd -- --biome=cloudreach --subset=cloudreach__windscar_ravine__06__windscar_flight_aerie --times=golden --views=approach --seed=2042 --output=res://ralph/reports/VISUAL/phase2/cloudreach/repro/cloudreach__windscar_ravine__06__windscar_flight_aerie__golden__approach,2d9e35732e2a15d680696fbf124b3cc379376519,native GPU Compatibility
cloudreach__windscar_ravine__06__windscar_flight_aerie__golden__close,cloudreach,named_locations,Windscar Flight Aerie,cloudreach__windscar_ravine__06__windscar_flight_aerie,off,dusk,clear,close,close,ralph/reports/VISUAL/phase2/cloudreach/locations/cloudreach__windscar_ravine__06__windscar_flight_aerie__golden__close.jpg,godot --path . --rendering-driver opengl3 --resolution 1920x1080 --script tools/phase2_capture_locations.gd -- --biome=cloudreach --subset=cloudreach__windscar_ravine__06__windscar_flight_aerie --times=golden --views=close --seed=2042 --output=res://ralph/reports/VISUAL/phase2/cloudreach/repro/cloudreach__windscar_ravine__06__windscar_flight_aerie__golden__close,2d9e35732e2a15d680696fbf124b3cc379376519,native GPU Compatibility
cloudreach__windscar_ravine__06__windscar_flight_aerie__night__approach,cloudreach,named_locations,Windscar Flight Aerie,cloudreach__windscar_ravine__06__windscar_flight_aerie,off,night,clear,approach,normal,ralph/reports/VISUAL/phase2/cloudreach/locations/cloudreach__windscar_ravine__06__windscar_flight_aerie__night__approach.jpg,godot --path . --rendering-driver opengl3 --resolution 1920x1080 --script tools/phase2_capture_locations.gd -- --biome=cloudreach --subset=cloudreach__windscar_ravine__06__windscar_flight_aerie --times=night --views=approach --seed=2042 --output=res://ralph/reports/VISUAL/phase2/cloudreach/repro/cloudreach__windscar_ravine__06__windscar_flight_aerie__night__approach,2d9e35732e2a15d680696fbf124b3cc379376519,native GPU Compatibility
cloudreach__windscar_ravine__06__windscar_flight_aerie__night__close,cloudreach,named_locations,Windscar Flight Aerie,cloudreach__windscar_ravine__06__windscar_flight_aerie,off,night,clear,close,close,ralph/reports/VISUAL/phase2/cloudreach/locations/cloudreach__windscar_ravine__06__windscar_flight_aerie__night__close.jpg,godot --path . --rendering-driver opengl3 --resolution 1920x1080 --script tools/phase2_capture_locations.gd -- --biome=cloudreach --subset=cloudreach__windscar_ravine__06__windscar_flight_aerie --times=night --views=close --seed=2042 --output=res://ralph/reports/VISUAL/phase2/cloudreach/repro/cloudreach__windscar_ravine__06__windscar_flight_aerie__night__close,2d9e35732e2a15d680696fbf124b3cc379376519,native GPU Compatibility
