item_id,biome(s),subject,defect,sightings,severity,exposure,importance,impact,fix_class,owner_lane,est_effort,status,notes
P2-015,meadows;stormwood;cloudreach,creature collapse and rest,Several fainted bodies remain upright or float above the grass and some resting poses do not settle onto the ground,meadows__terrapup__fainted;meadows__terrapup__resting;meadows__veridian__fainted;meadows__veridian__resting;meadows__trailpup__fainted;meadows__galecrest__fainted;meadows__galecrest__resting;stormwood__staticub__fainted;stormwood__stormraven__fainted;stormwood__tanglevolt__fainted;stormwood__stormtrail__fainted;stormwood__voltwig__fainted;stormwood__fulgocobra__fainted;cloudreach__cloudfang__resting;cloudreach__solmane__resting;cloudreach__tempestwing__resting;cloudreach__ribbonray__fainted;cloudreach__tempestwing__fainted;cloudreach__cloudfang__fainted;cloudreach__galewisp__fainted,5,4,5,100,animation,tb/x04-meadows,L,needs_capture,The direct pose fixture needs confirmation in a real faint/rest transition; explicit hovering is visible in Trailpup and Veridian. Cloudreach resting Cloudfang Solmane and Tempestwing show clear ground separation in stills; flying faint states may have different gameplay rules.
P2-016,meadows;tidewake;stormwood;cloudreach,creature hurt and movement poses,Hurt and moving frames often retain the idle silhouette so the state is difficult to read without a filename,meadows__terrapup__hurt;meadows__nightburrow__hurt;meadows__nightburrow__moving;meadows__bramblebun__hurt;meadows__stormtrail__moving;meadows__trailpup__moving;tidewake__ripplet__idle;tidewake__ripplet__moving;tidewake__ripplet__hurt;tidewake__cannonback__idle;tidewake__cannonback__moving;tidewake__cannonback__hurt;tidewake__aquaryn__idle;tidewake__aquaryn__moving;tidewake__aquaryn__hurt;tidewake__mosshell__idle;tidewake__mosshell__moving;tidewake__mosshell__hurt;stormwood__sparkit__idle;stormwood__sparkit__moving;stormwood__sparkit__attacking;stormwood__sparkit__hurt;stormwood__stormraven__idle;stormwood__stormraven__moving;stormwood__voltarach__idle;stormwood__voltarach__moving;stormwood__tanglevolt__idle;stormwood__tanglevolt__moving;cloudreach__cloudfang__idle;cloudreach__cloudfang__moving;cloudreach__cloudfang__hurt;cloudreach__breezetail__idle;cloudreach__breezetail__moving;cloudreach__breezetail__hurt;cloudreach__stormcapra__idle;cloudreach__stormcapra__moving;cloudreach__stormcapra__hurt;cloudreach__galecrest__idle;cloudreach__galecrest__moving;cloudreach__galecrest__hurt;cloudreach__craghorn__idle;cloudreach__craghorn__moving;cloudreach__craghorn__hurt;cloudreach__cliffspike__idle;cloudreach__cliffspike__moving;cloudreach__cliffspike__hurt;cloudreach__breezetail__attacking;cloudreach__galecrest__attacking,4,5,5,100,animation,tb/x04-meadows,L,needs_capture,Still frames cannot establish locomotion timing; check production transition captures before scheduling animation work. Tidewake and Stormwood stills confirm the recurring state-read gap; judge motion before assigning animation timing.
P2-021,cloudreach,open terrain,Broad level grass fields and sparse ordinary trees dominate Cloudreach views where layered elevated land and ledge detail should lead the route,cloudreach__high_roost_sky_shrine__07__sky_shrine__day__close;cloudreach__landmark__realm_gate_crag__day__approach;cloudreach__landmark__sky_shrine_heartstone__day__approach;cloudreach__high_roost_sky_shrine__07__sky_shrine__walk_01_day;cloudreach__high_roost_sky_shrine__07__sky_shrine__walk_03_day,5,4,5,100,scene,tb/x04-cloudreach,L,needs_capture,Code-blind location verdict. Some generic teleport stands may face away from authored elevated route; compare a route-grounded frame matrix before final assignment.
P2-002,meadows;tidewake;stormwood;cloudreach,map,The map canvas shows headings and markers without visible terrain or road context for the displayed destinations,meadows__menu_map;tidewake__menu_map;stormwood__menu_map;cloudreach__menu_map,4,4,5,80,ui,tb/x04-meadows,M,open,First Shore is marked discovered but the Day 1 state may hide survey detail; both biome maps lack terrain/route context at this state.
P2-017,meadows;stormwood;cloudreach,normal creature scale,Several normal creatures read visibly shorter than the trainer in the shared near-framed scale view,meadows__brooktail__idle;meadows__pipwing__idle;meadows__bramblebun__idle;meadows__trailpup__idle;meadows__riftfrill__idle;stormwood__sparkit__idle;stormwood__pebbik__idle;stormwood__stormtrail__idle;stormwood__stormraven__idle;stormwood__glimmermoth__idle;cloudreach__cliffspike__idle;cloudreach__skyrill__idle;cloudreach__pebbik__idle,4,4,5,80,mesh,tb/x04-meadows,M,needs_capture,Apparent visual height varies with perspective and posture; compare with declared size and a level camera before adjusting assets. Stormwood near-framed size comparison confirms this in five additional species. Cloudreach smaller species remain below trainer size in the common stage; exact authored scale versus perspective needs verification.
P2-030,tidewake;stormwood;cloudreach,shiny creature finish,Several shiny variants become near-uniform hot magenta and lose their ordinary species material and pattern identity,tidewake__aquaryn__shiny_idle;tidewake__cannonback__shiny_idle;tidewake__riptusk__shiny_idle;tidewake__tidecoil__shiny_idle;stormwood__voltwig__shiny_idle;stormwood__staticub__shiny_idle;stormwood__voltarach__shiny_idle;stormwood__pebbik__shiny_idle;stormwood__fulgocobra__shiny_idle;cloudreach__stormcapra__shiny_idle;cloudreach__solmane__shiny_idle;cloudreach__cliffspike__shiny_idle;cloudreach__breezetail__shiny_idle,4,5,4,80,material,tb/x04-tidewake,M,open,Variants are easy to identify; Ripplet and Mosshell retain more form detail.
P2-033,meadows;tidewake;cloudreach,ground pickup identity,Candies and potions read mainly as small colored glows in Meadows while unrelated Tidewake pickups repeat one crate and Cloudreach potion/revive pickups read as plants,meadows__inventory__pickup__good_candy;meadows__inventory__pickup__rare_candy;meadows__inventory__pickup__potion_small;meadows__inventory__pickup__great_candy;tidewake__inventory__harvest__sluice_metal;tidewake__inventory__pickup__attack_tonic;tidewake__inventory__pickup__berries;tidewake__inventory__pickup__orb_greater;tidewake__inventory__pickup__tm_aqua_shot;tidewake__inventory__pickup__travel_pack;cloudreach__inventory__pickup__potion_large;cloudreach__inventory__pickup__revive,4,5,4,80,mesh,tb/x04-meadows,M,open,Twelve Tidewake named families use the same small crate with hue changes; representative sightings are listed. Cloudreach potion_large appears as a glowing red-budded plant and revive as a blue flower. Five Cloudreach item frames did not isolate their subject. Stormwood candy is visible; 19 other planned pickup frames need targeted reshoot.
P2-022,cloudreach,summit aviary,The summit landmark reads as a small skeletal dome on grass beside a separate court instead of a layered stone sanctuary and its night silhouette stays dark,cloudreach__summit_final_stronghold__11__summit_eyrie__day__approach;cloudreach__summit_final_stronghold__11__summit_eyrie__day__close;cloudreach__summit_final_stronghold__11__summit_eyrie__night__approach,5,3,5,75,scene,tb/x04-cloudreach,L,open,A recognizable distance marker exists but the hero structure is visually thin in approach and close views.
P2-024,cloudreach,architectural landmark read,Several Cloudreach destinations present sparse plain or disconnected structures with weak landmark-specific detail,cloudreach__windscar_ravine__05__windscar_beacon__day__approach;cloudreach__landmark__broken_skyroad_arch__day__approach;cloudreach__upper_cloudreach__10__old_wind_observatory__day__approach;cloudreach__windscar_ravine__06__windscar_flight_aerie__route_day;cloudreach__windscar_ravine__06__windscar_flight_aerie__vista_dusk;cloudreach__summit_final_stronghold__12__stormward_overlook__day__close;cloudreach__summit_final_stronghold__12__stormward_overlook__golden__close;cloudreach__summit_final_stronghold__12__stormward_overlook__night__close;cloudreach__flying__high-perches-crown-court-day;cloudreach__flying__high-perches-crown-court-night;cloudreach__flying__high-perches-departure-lookback-day,4,4,4,64,scene,tb/x04-cloudreach,L,open,"Usable approach frames support this; close observatory captures are pressed against the wall and should be reshot. Flight Aerie route/vista also lacks a recognizable built silhouette; route sampling may face away, so verify with authored approach. Stormward close views show isolated short walls, flat banners, detached cobble insets and a suspended emblem; its authored stand is usable."
P2-001,meadows;tidewake;stormwood;cloudreach,menu shell,The full-screen charcoal menu with thin teal borders has little visual hierarchy or scenic connection to the illustrated world,meadows__menu_backpack;meadows__menu_build;meadows__menu_creatures;meadows__menu_players;meadows__menu_quest_log;meadows__menu_save;meadows__menu_settings;tidewake__menu_backpack;tidewake__menu_build;tidewake__menu_creatures;tidewake__menu_players;tidewake__menu_quest_log;tidewake__menu_save;tidewake__menu_settings;stormwood__menu_backpack;stormwood__menu_build;stormwood__menu_creatures;stormwood__menu_players;stormwood__menu_quest_log;stormwood__menu_save;stormwood__menu_settings;cloudreach__menu_backpack;cloudreach__menu_build;cloudreach__menu_creatures;cloudreach__menu_players;cloudreach__menu_quest_log;cloudreach__menu_save;cloudreach__menu_settings,3,5,4,60,ui,tb/x04-meadows,M,open,Same full-screen shell in Meadows and Tidewake production UI; assess Cloudreach and Stormwood before final shared exposure.
P2-007,meadows;tidewake;stormwood;cloudreach,secondary menu panels,The Quests Build and Players panels leave most of their area empty around a few plain text lines or a single button,meadows__menu_build;meadows__menu_players;meadows__menu_quest_log;meadows__menu_skills;tidewake__menu_build;tidewake__menu_players;tidewake__menu_quest_log;tidewake__menu_save;stormwood__menu_build;stormwood__menu_players;stormwood__menu_quest_log;cloudreach__menu_build;cloudreach__menu_players;cloudreach__menu_quest_log,3,5,4,60,ui,tb/x04-meadows,M,open,"The Day 1 fixture may explain empty panels, but the screen leaves large dead areas. Skills capture still resembles Quests; verify navigation."
P2-023,cloudreach,exposed landform edges,Floating island undersides form blunt dark slabs and several cliffs and grassy shelves have conspicuous straight extruded edges,cloudreach__high_roost_sky_shrine__07__sky_shrine__day__approach;cloudreach__landmark__sky_shrine_heartstone__day__approach;cloudreach__landmark__three_bells_bridge__day__approach;cloudreach__windscar_ravine__05__windscar_beacon__day__approach;cloudreach__upper_cloudreach__09__cliffhold__walk_02_day;cloudreach__upper_cloudreach__10__old_wind_observatory__walk_01_day;cloudreach__gate_lower_cliffs__02__galefoot_waycamp__day__close;cloudreach__flying__high-perches-arrival-far-day;cloudreach__flying__high-perches-arrival-far-night;cloudreach__flying__high-perches-departure-lookback-night;cloudreach__flying__high-perches-departure-lookback-day,5,3,4,60,mesh,tb/x04-cloudreach,L,open,Grouped as one recurring exposed-edge geometry defect; inspect whether cliff and island meshes share an authoring path.
P2-095,meadows;cloudreach;stormwood,craft recipe text,Long recipe names and material preview lines are clipped in the crafting list,meadows__system__crafting;cloudreach__system__crafting;stormwood__system__crafting,3,4,4,48,ui,tb/x04-meadows,S,open,Ironwood Haft and Wood/Stone preview strings are cut off at 1920x1080; direct-open CraftPanel visual fixture. Cloudreach visual-only fixture repeats this presentation. Stormwood code-blind system view repeats this issue.
P2-004,meadows;tidewake;stormwood;cloudreach,exploration HUD,The many dark boxed HUD panels and outlined text occupy a large share of the exploration view,meadows__exploration_hud;tidewake__exploration_hud;stormwood__exploration_hud;cloudreach__exploration_hud;cloudreach__flying__launch;cloudreach__flying__glide;cloudreach__flying__approach_perch,3,5,3,45,ui,tb/x04-meadows,M,open,Tidewake exterior confirms the large team strip quest box quick bar and shortcut bar; Meadows frame is indoors. Cloudreach flight frames show the same panels crowding airborne scenery. Coverage question: a pinned Tidewake build-system render found no production BuildPlacer; camp/bed/build/craft world views remain open pending a valid Tidewake path.
P2-105,cloudreach,mounted terrace edge and cloud crossing,The mounted deer and seated trainer retain their upright riding silhouette while travelling below the cliff and then continue apparently unsupported across the cloud floor,cloudreach__riding__phase2_17_terrace_01.0s;cloudreach__riding__phase2_18_terrace_02.0s;cloudreach__riding__phase2_19_terrace_03.0s;cloudreach__riding__phase2_23_terrace_road_back_04.5s;cloudreach__riding__phase2_26_terrace_road_back_09.0s;cloudreach__riding__phase2_28_terrace_road_back_12.0s,5,2,4,40,animation,tb/x04-cloudreach,M,open,"Capture deliberately steers the mount off a terrace, then asks it to ride back. Confirm normal input, grounded collision and fall recovery before deciding whether pose, camera or traversal state owns the fix. A recovery between sampled frames is not directly shown."
P2-053,cloudreach,bright Cloudreach route markers,Saturated cyan posts rings and rails at the bridge and flight aerie compete with the built landmarks while the launch platform adds a bright flat yellow pointer,cloudreach__broken_causeways__03__three_bells_bridge__day__close;cloudreach__broken_causeways__03__three_bells_bridge__golden__close;cloudreach__broken_causeways__03__three_bells_bridge__night__close;cloudreach__flying_return__launch;cloudreach__flying_return__descent;cloudreach__flying_return__landed_shelf;cloudreach__flying_return__perch_rest,3,4,3,36,scene,tb/x04-cloudreach,S,open,Both bridge and aerie show similar saturated guide geometry. Whether all markers share one asset or several requires confirmation; scored once as the recurring marker family.
P2-018,meadows;stormwood;cloudreach,shiny palette distinction,Some shiny variants have no reliably readable colour-block difference from their normal form at the device view,meadows__nightburrow__shiny_idle;meadows__nightburrow__idle;meadows__stormtrail__shiny_idle;meadows__stormtrail__idle;meadows__riftfrill__shiny_idle;meadows__riftfrill__idle;stormwood__sparkit__idle;stormwood__sparkit__shiny_idle;cloudreach__cloudfang__idle;cloudreach__cloudfang__shiny_idle;cloudreach__galecrest__idle;cloudreach__galecrest__shiny_idle,3,3,4,36,material,tb/x04-meadows,M,open,Other species have strong shiny distinctions; assess these pairs at the same lighting and camera.
P2-025,cloudreach,grass and stone finish,Tall grass intrudes through shrine paving while repeated grass and simple stone surfaces reduce close-range material distinction across sites,cloudreach__landmark__sky_shrine_heartstone__day__close;cloudreach__high_roost_sky_shrine__08__the_high_perches__day__approach;cloudreach__landmark__broken_skyroad_arch__day__approach,3,4,3,36,material,tb/x04-cloudreach,M,needs_capture,The shrine close frame is partly wall-obstructed but grass intersection is visible; confirm on a corrected stand.
P2-031,meadows;tidewake;stormwood;cloudreach,settings and binding instructions,Dense gray-on-navy control instructions and literal key labels make settings and quick binding text hard to scan,meadows__settings_controls;meadows__quick_bindings;tidewake__settings_controls;tidewake__quick_bindings;tidewake__menu_map;stormwood__settings_controls;stormwood__quick_bindings;cloudreach__settings_controls;cloudreach__quick_bindings,3,4,3,36,ui,tb/x04-meadows,M,open,Shared menu presentation in two biomes; [Minus] and [Equal] labels are visible in map instructions.
P2-068,cloudreach,named NPC post readability,"Several named Cloudreach NPCs look small or partly hidden behind the foreground trainer and nearby buildings, with little visible pose or costume detail to communicate their role",cloudreach__inventory__character__young_trainer_tavi;cloudreach__inventory__character__naturalist_sora;cloudreach__inventory__character__keeper_maela;cloudreach__inventory__character__defector_rusk;cloudreach__inventory__character__officer_voss;cloudreach__inventory__character__healer_iven;cloudreach__inventory__character__healer_iven__dialogue;cloudreach__inventory__character__healer_iven__from_east;cloudreach__inventory__character__healer_iven__from_east__dialogue;cloudreach__inventory__character__healer_iven__from_north;cloudreach__inventory__character__healer_iven__from_north__dialogue;cloudreach__inventory__character__healer_iven__from_south;cloudreach__inventory__character__healer_iven__from_south__dialogue;cloudreach__inventory__character__healer_iven__from_west;cloudreach__inventory__character__healer_iven__from_west__dialogue,3,4,3,36,camera,tb/x04-cloudreach,M,open,"Four-angle reshoot verifies the mustard-clad bearded Iven world model matches his portrait. East hides all but a sliver; north hides him behind the house; south and west show him behind or beside the trainer. The south view also includes a near roof wedge. This supports post/camera obstruction, not a missing or mismatched NPC. Dialogue text and portrait remain legible. Normal interaction framing still needs confirmation."
