"Path","SHA256"
"data/config/onboarding.json","73dd7182fbefa6727c16ca8ff24f825668e315f63d41ea713225a5cba1a312fd"
"data/config/input_contexts.json","f5b49f2564822d6aeb637e3a6149c9c7c29cd3e0b2bf31de1dbecd37c09f9bc5"
"data/dialogue/opening.json","319ee780ed93085038479609cf84f7b4c75cb8301a7ee04c7b82cdae0b21ffe1"
"data/dialogue/village.json","06d6fdaadb813d2d620fc87535ab239b352915d0f42064464faae6c403f92a67"
"scripts/onboarding/lesson_rules.gd","f447452858de3357887df084a830f5531f90daa845f6b178b17ab4218abd0327"
"scripts/onboarding/lesson_service.gd","d07ac1a63849b6f34b7fce2f0768dcbc2a453bf4fddb68dd5bc6c49065ed6870"
"scripts/onboarding/lesson_panel.gd","fe3f2cdc6b5db3c6c0e1c4079c7c437cb4889eafd1f7663b1234c39a4140de89"
"scripts/world/objective_beacon.gd","e5a9d1a9f0d6956614af09f4be46c536808723c2be814916cc362eea5f05bc87"
"scripts/world/quest_log.gd","42f2edadf7e999b49f58534361d03880dea29441cd3d9f0931bc2c4232ee5582"
"scripts/ui/tab_quest_log.gd","9d137c47dfdbce55ac359dbe242f490ec527f6b9b8a55555144ed1ce218c3792"
"scripts/ui/tab_settings.gd","9c7b49a5ff933c2d4719a591327dab60546b9d0ea2c78980d588f8fea421c949"
"ralph/reports/R3-F46/check_source.ps1","eba7c9a9f29c8bb3320be45a8616c194dd30bb4055f87f7202fd86177f26f6db"
